"number","from_date","to_date","backlog_all","inflow_all","outflow_all","backlog_normal","backlog_major","inflow_normal","inflow_major","outflow_normal","outflow_major"
"1",0,"2000-11-09","2000-11-15",1,1,0,0,0,0,0,0,0
"2",1,"2000-11-16","2000-11-22",1,0,0,0,0,0,0,0,0
"3",2,"2000-11-23","2000-11-29",1,0,0,0,0,0,0,0,0
"4",3,"2000-11-30","2000-12-06",1,0,0,0,0,0,0,0,0
"5",4,"2000-12-07","2000-12-13",1,0,0,0,0,0,0,0,0
"6",5,"2000-12-14","2000-12-20",1,0,0,0,0,0,0,0,0
"7",6,"2000-12-21","2000-12-27",1,0,0,0,0,0,0,0,0
"8",7,"2000-12-28","2001-01-03",1,0,0,0,0,0,0,0,0
"9",8,"2001-01-04","2001-01-10",1,0,0,0,0,0,0,0,0
"10",9,"2001-01-11","2001-01-17",1,0,0,0,0,0,0,0,0
"11",10,"2001-01-18","2001-01-24",1,0,0,0,0,0,0,0,0
"12",11,"2001-01-25","2001-01-31",1,0,0,0,0,0,0,0,0
"13",12,"2001-02-01","2001-02-07",1,0,0,0,0,0,0,0,0
"14",13,"2001-02-08","2001-02-14",1,0,0,0,0,0,0,0,0
"15",14,"2001-02-15","2001-02-21",1,0,0,0,0,0,0,0,0
"16",15,"2001-02-22","2001-02-28",1,0,0,0,0,0,0,0,0
"17",16,"2001-03-01","2001-03-07",1,0,0,0,0,0,0,0,0
"18",17,"2001-03-08","2001-03-14",1,0,0,0,0,0,0,0,0
"19",18,"2001-03-15","2001-03-21",1,0,0,0,0,0,0,0,0
"20",19,"2001-03-22","2001-03-28",1,0,0,0,0,0,0,0,0
"21",20,"2001-03-29","2001-04-04",1,0,0,0,0,0,0,0,0
"22",21,"2001-04-05","2001-04-11",1,0,0,0,0,0,0,0,0
"23",22,"2001-04-12","2001-04-18",1,0,0,0,0,0,0,0,0
"24",23,"2001-04-19","2001-04-25",1,0,0,0,0,0,0,0,0
"25",24,"2001-04-26","2001-05-02",1,0,0,0,0,0,0,0,0
"26",25,"2001-05-03","2001-05-09",1,0,0,0,0,0,0,0,0
"27",26,"2001-05-10","2001-05-16",1,0,0,0,0,0,0,0,0
"28",27,"2001-05-17","2001-05-23",1,0,0,0,0,0,0,0,0
"29",28,"2001-05-24","2001-05-30",1,0,0,0,0,0,0,0,0
"30",29,"2001-05-31","2001-06-06",1,0,0,0,0,0,0,0,0
"31",30,"2001-06-07","2001-06-13",1,0,0,0,0,0,0,0,0
"32",31,"2001-06-14","2001-06-20",1,0,0,0,0,0,0,0,0
"33",32,"2001-06-21","2001-06-27",1,0,0,0,0,0,0,0,0
"34",33,"2001-06-28","2001-07-04",1,0,0,0,0,0,0,0,0
"35",34,"2001-07-05","2001-07-11",1,0,0,0,0,0,0,0,0
"36",35,"2001-07-12","2001-07-18",1,0,0,0,0,0,0,0,0
"37",36,"2001-07-19","2001-07-25",1,0,0,0,0,0,0,0,0
"38",37,"2001-07-26","2001-08-01",1,0,0,0,0,0,0,0,0
"39",38,"2001-08-02","2001-08-08",1,0,0,0,0,0,0,0,0
"40",39,"2001-08-09","2001-08-15",1,0,0,0,0,0,0,0,0
"41",40,"2001-08-16","2001-08-22",1,0,0,0,0,0,0,0,0
"42",41,"2001-08-23","2001-08-29",1,0,0,0,0,0,0,0,0
"43",42,"2001-08-30","2001-09-05",1,0,0,0,0,0,0,0,0
"44",43,"2001-09-06","2001-09-12",1,0,0,0,0,0,0,0,0
"45",44,"2001-09-13","2001-09-19",1,0,0,0,0,0,0,0,0
"46",45,"2001-09-20","2001-09-26",1,0,0,0,0,0,0,0,0
"47",46,"2001-09-27","2001-10-03",1,0,0,0,0,0,0,0,0
"48",47,"2001-10-04","2001-10-10",1,0,0,0,0,0,0,0,0
"49",48,"2001-10-11","2001-10-17",1,0,0,0,0,0,0,0,0
"50",49,"2001-10-18","2001-10-24",1,0,0,0,0,0,0,0,0
"51",50,"2001-10-25","2001-10-31",1,0,0,0,0,0,0,0,0
"52",51,"2001-11-01","2001-11-07",1,0,0,0,0,0,0,0,0
"53",52,"2001-11-08","2001-11-14",8,7,0,6,0,6,0,0,0
"54",53,"2001-11-15","2001-11-21",18,10,0,9,1,3,1,0,0
"55",54,"2001-11-22","2001-11-28",20,2,0,11,1,2,0,0,0
"56",55,"2001-11-29","2001-12-05",26,6,0,14,1,3,0,0,0
"57",56,"2001-12-06","2001-12-12",37,11,0,24,2,10,1,0,0
"58",57,"2001-12-13","2001-12-19",40,3,0,26,2,2,0,0,0
"59",58,"2001-12-20","2001-12-26",41,1,0,27,2,1,0,0,0
"60",59,"2001-12-27","2002-01-02",48,7,0,29,6,2,4,0,0
"61",60,"2002-01-03","2002-01-09",55,7,0,35,6,6,0,0,0
"62",61,"2002-01-10","2002-01-16",58,3,0,37,6,2,0,0,0
"63",62,"2002-01-17","2002-01-23",61,3,0,40,6,3,0,0,0
"64",63,"2002-01-24","2002-01-30",85,24,0,60,6,20,0,0,0
"65",64,"2002-01-31","2002-02-06",93,8,0,65,6,5,0,0,0
"66",65,"2002-02-07","2002-02-13",95,2,0,66,6,1,0,0,0
"67",66,"2002-02-14","2002-02-20",95,0,0,66,6,0,0,0,0
"68",67,"2002-02-21","2002-02-27",98,3,0,67,7,1,1,0,0
"69",68,"2002-02-28","2002-03-06",109,11,0,72,8,5,1,0,0
"70",69,"2002-03-07","2002-03-13",116,7,0,77,8,5,0,0,0
"71",70,"2002-03-14","2002-03-20",126,10,0,82,8,5,0,0,0
"72",71,"2002-03-21","2002-03-27",149,23,0,94,9,12,1,0,0
"73",72,"2002-03-28","2002-04-03",175,26,0,109,9,15,0,0,0
"74",73,"2002-04-04","2002-04-10",190,15,0,118,9,9,0,0,0
"75",74,"2002-04-11","2002-04-17",207,17,0,126,10,8,1,0,0
"76",75,"2002-04-18","2002-04-24",213,6,0,129,10,3,0,0,0
"77",76,"2002-04-25","2002-05-01",223,10,0,138,10,9,0,0,0
"78",77,"2002-05-02","2002-05-08",230,7,0,143,10,5,0,0,0
"79",78,"2002-05-09","2002-05-15",237,7,0,146,10,3,0,0,0
"80",79,"2002-05-16","2002-05-22",252,15,0,156,10,10,0,0,0
"81",80,"2002-05-23","2002-05-29",262,10,0,163,10,7,0,0,0
"82",81,"2002-05-30","2002-06-05",272,10,0,166,10,3,0,0,0
"83",82,"2002-06-06","2002-06-12",277,5,0,168,11,2,1,0,0
"84",83,"2002-06-13","2002-06-19",282,5,0,169,12,1,1,0,0
"85",84,"2002-06-20","2002-06-26",290,8,0,174,12,5,0,0,0
"86",85,"2002-06-27","2002-07-03",305,15,0,180,13,6,1,0,0
"87",86,"2002-07-04","2002-07-10",321,16,0,189,13,9,0,0,0
"88",87,"2002-07-11","2002-07-17",329,8,0,192,13,3,0,0,0
"89",88,"2002-07-18","2002-07-24",341,12,0,202,13,10,0,0,0
"90",89,"2002-07-25","2002-07-31",356,15,0,206,14,4,1,0,0
"91",90,"2002-08-01","2002-08-07",368,12,0,214,16,8,2,0,0
"92",91,"2002-08-08","2002-08-14",382,14,0,225,17,11,1,0,0
"93",92,"2002-08-15","2002-08-21",403,21,0,242,18,17,1,0,0
"94",93,"2002-08-22","2002-08-28",442,39,0,263,21,21,3,0,0
"95",94,"2002-08-29","2002-09-04",479,37,0,280,23,17,2,0,0
"96",95,"2002-09-05","2002-09-11",513,34,0,299,25,19,2,0,0
"97",96,"2002-09-12","2002-09-18",555,42,0,325,27,26,2,0,0
"98",97,"2002-09-19","2002-09-25",578,23,0,338,29,13,2,0,0
"99",98,"2002-09-26","2002-10-02",584,6,0,340,29,2,0,0,0
"100",99,"2002-10-03","2002-10-09",600,16,0,347,29,7,0,0,0
"101",100,"2002-10-10","2002-10-16",604,4,0,349,29,2,0,0,0
"102",101,"2002-10-17","2002-10-23",608,4,0,350,29,1,0,0,0
"103",102,"2002-10-24","2002-10-30",628,20,0,362,29,12,0,0,0
"104",103,"2002-10-31","2002-11-06",637,9,0,367,30,5,1,0,0
"105",104,"2002-11-07","2002-11-13",654,17,0,372,33,5,3,0,0
"106",105,"2002-11-14","2002-11-20",658,4,0,373,34,1,1,0,0
"107",106,"2002-11-21","2002-11-27",683,25,0,384,38,11,4,0,0
"108",107,"2002-11-28","2002-12-04",698,15,0,389,40,5,2,0,0
"109",108,"2002-12-05","2002-12-11",709,11,0,396,40,7,0,0,0
"110",109,"2002-12-12","2002-12-18",720,11,0,400,41,4,1,0,0
"111",110,"2002-12-19","2002-12-25",722,2,0,401,41,1,0,0,0
"112",111,"2002-12-26","2003-01-01",727,5,0,404,42,3,1,0,0
"113",112,"2003-01-02","2003-01-08",740,13,0,408,45,4,3,0,0
"114",113,"2003-01-09","2003-01-15",766,26,0,420,50,12,5,0,0
"115",114,"2003-01-16","2003-01-22",785,19,0,430,51,10,1,0,0
"116",115,"2003-01-23","2003-01-29",799,14,0,430,56,0,5,0,0
"117",116,"2003-01-30","2003-02-05",805,6,0,433,57,3,1,0,0
"118",117,"2003-02-06","2003-02-12",820,15,0,439,59,6,2,0,0
"119",118,"2003-02-13","2003-02-19",834,14,0,445,65,6,6,0,0
"120",119,"2003-02-20","2003-02-26",846,12,0,449,68,4,3,0,0
"121",120,"2003-02-27","2003-03-05",860,14,0,458,69,9,1,0,0
"122",121,"2003-03-06","2003-03-12",877,17,0,465,71,7,2,0,0
"123",122,"2003-03-13","2003-03-19",886,9,0,471,72,6,1,0,0
"124",123,"2003-03-20","2003-03-26",915,29,0,478,75,7,3,0,0
"125",124,"2003-03-27","2003-04-02",934,19,0,487,80,9,5,0,0
"126",125,"2003-04-03","2003-04-09",950,16,0,491,81,4,1,0,0
"127",126,"2003-04-10","2003-04-16",959,9,0,492,83,1,2,0,0
"128",127,"2003-04-17","2003-04-23",971,12,0,494,84,2,1,0,0
"129",128,"2003-04-24","2003-04-30",980,9,0,498,84,4,0,0,0
"130",129,"2003-05-01","2003-05-07",992,12,0,502,88,4,4,0,0
"131",130,"2003-05-08","2003-05-14",996,4,0,503,89,1,1,0,0
"132",131,"2003-05-15","2003-05-21",1007,11,0,508,89,5,0,0,0
"133",132,"2003-05-22","2003-05-28",1021,14,0,515,91,7,2,0,0
"134",133,"2003-05-29","2003-06-04",1024,3,0,516,93,1,2,0,0
"135",134,"2003-06-05","2003-06-11",1031,7,0,521,94,5,1,0,0
"136",135,"2003-06-12","2003-06-18",1045,14,0,529,98,8,4,0,0
"137",136,"2003-06-19","2003-06-25",1065,20,0,538,102,9,4,0,0
"138",137,"2003-06-26","2003-07-02",1069,4,0,540,104,2,2,0,0
"139",138,"2003-07-03","2003-07-09",1076,7,0,541,109,1,5,0,0
"140",139,"2003-07-10","2003-07-16",1086,10,0,549,110,8,1,0,0
"141",140,"2003-07-17","2003-07-23",1092,6,0,551,110,2,0,0,0
"142",141,"2003-07-24","2003-07-30",1101,9,0,555,111,4,1,0,0
"143",142,"2003-07-31","2003-08-06",1107,6,0,558,111,3,0,0,0
"144",143,"2003-08-07","2003-08-13",1123,16,0,569,112,11,1,0,0
"145",144,"2003-08-14","2003-08-20",1132,9,0,572,114,3,2,0,0
"146",145,"2003-08-21","2003-08-27",1142,10,0,574,116,2,2,0,0
"147",146,"2003-08-28","2003-09-03",1156,14,0,583,118,9,2,0,0
"148",147,"2003-09-04","2003-09-10",1162,6,0,586,119,3,1,0,0
"149",148,"2003-09-11","2003-09-17",1167,5,0,587,121,1,2,0,0
"150",149,"2003-09-18","2003-09-24",1175,8,0,590,123,3,2,0,0
"151",150,"2003-09-25","2003-10-01",1184,9,0,592,123,2,0,0,0
"152",151,"2003-10-02","2003-10-08",1187,3,0,594,123,2,0,0,0
"153",152,"2003-10-09","2003-10-15",1192,5,0,598,123,4,0,0,0
"154",153,"2003-10-16","2003-10-22",1197,5,0,599,124,1,1,0,0
"155",154,"2003-10-23","2003-10-29",1201,4,0,601,124,2,0,0,0
"156",155,"2003-10-30","2003-11-05",1208,7,0,604,126,3,2,0,0
"157",156,"2003-11-06","2003-11-12",1214,6,0,609,126,5,0,0,0
"158",157,"2003-11-13","2003-11-19",1229,15,0,612,133,3,7,0,0
"159",158,"2003-11-20","2003-11-26",1235,6,0,616,134,4,1,0,0
"160",159,"2003-11-27","2003-12-03",1241,6,0,617,138,1,4,0,0
"161",160,"2003-12-04","2003-12-10",1259,18,0,627,140,10,2,0,0
"162",161,"2003-12-11","2003-12-17",1268,9,0,631,142,4,2,0,0
"163",162,"2003-12-18","2003-12-24",1275,7,0,636,142,5,0,0,0
"164",163,"2003-12-25","2003-12-31",1283,8,0,641,142,5,0,0,0
"165",164,"2004-01-01","2004-01-07",1288,5,0,642,142,1,0,0,0
"166",165,"2004-01-08","2004-01-14",1298,10,0,646,144,4,2,0,0
"167",166,"2004-01-15","2004-01-21",1317,19,0,654,145,8,1,0,0
"168",167,"2004-01-22","2004-01-28",1326,9,0,660,147,6,2,0,0
"169",168,"2004-01-29","2004-02-04",1334,8,0,665,147,5,0,0,0
"170",169,"2004-02-05","2004-02-11",1341,7,0,667,150,2,3,0,0
"171",170,"2004-02-12","2004-02-18",1353,12,0,673,150,6,0,0,0
"172",171,"2004-02-19","2004-02-25",1363,10,0,678,150,5,0,0,0
"173",172,"2004-02-26","2004-03-03",1374,11,0,682,154,4,4,0,0
"174",173,"2004-03-04","2004-03-10",1386,12,0,687,156,5,2,0,0
"175",174,"2004-03-11","2004-03-17",1396,10,0,692,157,5,1,0,0
"176",175,"2004-03-18","2004-03-24",1399,3,0,692,157,0,0,0,0
"177",176,"2004-03-25","2004-03-31",1403,4,0,694,158,2,1,0,0
"178",177,"2004-04-01","2004-04-07",1413,10,0,697,160,3,2,0,0
"179",178,"2004-04-08","2004-04-14",1419,6,0,698,161,1,1,0,0
"180",179,"2004-04-15","2004-04-21",1432,13,0,705,162,7,1,0,0
"181",180,"2004-04-22","2004-04-28",1448,16,0,706,169,1,7,0,0
"182",181,"2004-04-29","2004-05-05",1460,12,0,712,170,6,1,0,0
"183",182,"2004-05-06","2004-05-12",1478,18,0,722,173,10,3,0,0
"184",183,"2004-05-13","2004-05-19",1497,19,0,735,174,13,1,0,0
"185",184,"2004-05-20","2004-05-26",1508,11,0,738,175,3,1,0,0
"186",185,"2004-05-27","2004-06-02",1521,13,0,747,177,9,2,0,0
"187",186,"2004-06-03","2004-06-09",1538,17,0,758,177,11,0,0,0
"188",187,"2004-06-10","2004-06-16",1552,14,0,765,178,7,1,0,0
"189",188,"2004-06-17","2004-06-23",1576,24,0,773,182,8,4,0,0
"190",189,"2004-06-24","2004-06-30",1599,23,0,786,183,13,1,0,0
"191",190,"2004-07-01","2004-07-07",1618,19,0,792,184,6,1,0,0
"192",191,"2004-07-08","2004-07-14",1630,12,0,799,186,7,2,0,0
"193",192,"2004-07-15","2004-07-21",1640,10,0,807,186,8,0,0,0
"194",193,"2004-07-22","2004-07-28",1654,14,0,814,186,7,0,0,0
"195",194,"2004-07-29","2004-08-04",1664,10,0,819,187,5,1,0,0
"196",195,"2004-08-05","2004-08-11",1686,22,0,828,189,9,2,0,0
"197",196,"2004-08-12","2004-08-18",1705,19,0,838,193,10,4,0,0
"198",197,"2004-08-19","2004-08-25",1734,29,0,845,197,7,4,0,0
"199",198,"2004-08-26","2004-09-01",1766,32,0,859,199,14,2,0,0
"200",199,"2004-09-02","2004-09-08",1799,33,0,880,199,21,0,0,0
"201",200,"2004-09-09","2004-09-15",1872,73,0,909,207,29,8,0,0
"202",201,"2004-09-16","2004-09-22",1895,23,0,916,209,7,2,0,0
"203",202,"2004-09-23","2004-09-29",1909,14,0,921,211,5,2,0,0
"204",203,"2004-09-30","2004-10-06",1928,19,0,926,215,5,4,0,0
"205",204,"2004-10-07","2004-10-13",1956,28,0,941,217,15,2,0,0
"206",205,"2004-10-14","2004-10-20",1976,20,0,948,220,7,3,0,0
"207",206,"2004-10-21","2004-10-27",2004,28,0,964,223,16,3,0,0
"208",207,"2004-10-28","2004-11-03",2034,30,0,980,225,16,2,0,0
"209",208,"2004-11-04","2004-11-10",2082,48,0,1004,227,24,2,0,0
"210",209,"2004-11-11","2004-11-17",2111,29,0,1021,228,17,1,0,0
"211",210,"2004-11-18","2004-11-24",2154,43,0,1046,235,25,7,0,0
"212",211,"2004-11-25","2004-12-01",2168,14,0,1054,235,8,0,0,0
"213",212,"2004-12-02","2004-12-08",2202,34,0,1065,237,11,2,0,0
"214",213,"2004-12-09","2004-12-15",2227,27,2,1081,239,18,2,2,0
"215",214,"2004-12-16","2004-12-22",2246,23,4,1092,239,15,0,4,0
"216",215,"2004-12-23","2004-12-29",2264,18,0,1101,239,9,0,0,0
"217",216,"2004-12-30","2005-01-05",2284,21,1,1111,240,11,1,1,0
"218",217,"2005-01-06","2005-01-12",2313,30,1,1127,244,17,4,1,0
"219",218,"2005-01-13","2005-01-19",2333,22,2,1140,244,15,0,2,0
"220",219,"2005-01-20","2005-01-26",2351,19,1,1151,247,12,3,1,0
"221",220,"2005-01-27","2005-02-02",2363,12,0,1158,248,7,1,0,0
"222",221,"2005-02-03","2005-02-09",2399,38,2,1171,250,14,2,1,0
"223",222,"2005-02-10","2005-02-16",2416,18,1,1183,251,12,1,0,0
"224",223,"2005-02-17","2005-02-23",2431,16,1,1190,250,7,0,0,1
"225",224,"2005-02-24","2005-03-02",2449,19,1,1199,252,10,2,1,0
"226",225,"2005-03-03","2005-03-09",2469,22,2,1211,254,13,2,1,0
"227",226,"2005-03-10","2005-03-16",2492,26,3,1221,257,12,3,2,0
"228",227,"2005-03-17","2005-03-23",2510,20,2,1232,259,12,2,1,0
"229",228,"2005-03-24","2005-03-30",2538,30,2,1250,262,20,3,2,0
"230",229,"2005-03-31","2005-04-06",2551,15,2,1255,262,6,0,1,0
"231",230,"2005-04-07","2005-04-13",2567,17,1,1261,263,7,1,1,0
"232",231,"2005-04-14","2005-04-20",2582,17,2,1271,266,10,3,0,0
"233",232,"2005-04-21","2005-04-27",2590,12,4,1276,268,9,2,4,0
"234",233,"2005-04-28","2005-05-04",2603,16,3,1284,270,11,2,3,0
"235",234,"2005-05-05","2005-05-11",2624,24,3,1300,269,18,0,2,1
"236",235,"2005-05-12","2005-05-18",2641,19,2,1312,269,13,0,1,0
"237",236,"2005-05-19","2005-05-25",2657,19,3,1324,269,14,0,2,0
"238",237,"2005-05-26","2005-06-01",2690,35,2,1345,273,23,4,2,0
"239",238,"2005-06-02","2005-06-08",2706,22,6,1353,275,13,2,5,0
"240",239,"2005-06-09","2005-06-15",2717,16,5,1358,275,10,0,5,0
"241",240,"2005-06-16","2005-06-22",2744,34,7,1384,275,29,1,3,1
"242",241,"2005-06-23","2005-06-29",2751,13,6,1389,276,10,1,5,0
"243",242,"2005-06-30","2005-07-06",2764,19,6,1398,278,14,2,5,0
"244",243,"2005-07-07","2005-07-13",2770,15,9,1402,279,12,1,8,0
"245",244,"2005-07-14","2005-07-20",2777,11,4,1405,279,4,3,1,3
"246",245,"2005-07-21","2005-07-27",2780,12,9,1402,281,6,2,9,0
"247",246,"2005-07-28","2005-08-03",2787,9,2,1405,283,4,2,1,0
"248",247,"2005-08-04","2005-08-10",2801,27,13,1417,284,18,3,6,2
"249",248,"2005-08-11","2005-08-17",2813,31,19,1425,285,23,2,15,1
"250",249,"2005-08-18","2005-08-24",2827,26,12,1432,289,18,5,11,1
"251",250,"2005-08-25","2005-08-31",2843,35,19,1444,290,27,4,15,3
"252",251,"2005-09-01","2005-09-07",2856,22,9,1455,290,15,1,4,1
"253",252,"2005-09-08","2005-09-14",2878,34,12,1468,291,20,4,7,3
"254",253,"2005-09-15","2005-09-21",2881,28,25,1476,290,19,2,11,3
"255",254,"2005-09-22","2005-09-28",2882,24,23,1475,290,12,3,13,3
"256",255,"2005-09-29","2005-10-05",2893,24,13,1480,292,15,3,10,1
"257",256,"2005-10-06","2005-10-12",2897,27,23,1480,292,14,1,14,1
"258",257,"2005-10-13","2005-10-19",2903,17,11,1481,295,7,7,6,4
"259",258,"2005-10-20","2005-10-26",2907,33,29,1483,295,19,3,17,3
"260",259,"2005-10-27","2005-11-02",2903,21,25,1483,293,11,5,11,7
"261",260,"2005-11-03","2005-11-09",2913,49,39,1486,296,23,8,20,5
"262",261,"2005-11-10","2005-11-16",2926,35,22,1494,299,22,4,14,1
"263",262,"2005-11-17","2005-11-23",2935,25,16,1497,300,13,2,10,1
"264",263,"2005-11-24","2005-11-30",2941,19,13,1502,300,13,1,8,1
"265",264,"2005-12-01","2005-12-07",2950,19,10,1505,300,10,2,7,2
"266",265,"2005-12-08","2005-12-14",2957,28,21,1514,300,22,4,13,4
"267",266,"2005-12-15","2005-12-21",2970,17,4,1524,300,12,1,2,1
"268",267,"2005-12-22","2005-12-28",2969,27,28,1530,298,21,2,15,4
"269",268,"2005-12-29","2006-01-04",2837,37,169,1445,283,19,3,104,18
"270",269,"2006-01-05","2006-01-11",2868,37,6,1469,285,30,2,6,0
"271",270,"2006-01-12","2006-01-18",2877,29,20,1476,287,23,3,16,1
"272",271,"2006-01-19","2006-01-25",2866,49,60,1467,286,31,5,40,6
"273",272,"2006-01-26","2006-02-01",2891,44,19,1484,291,28,7,11,2
"274",273,"2006-02-02","2006-02-08",2911,40,20,1500,292,30,4,14,3
"275",274,"2006-02-09","2006-02-15",2908,27,30,1490,296,12,8,22,4
"276",275,"2006-02-16","2006-02-22",2938,44,14,1510,295,30,1,10,2
"277",276,"2006-02-23","2006-03-01",2964,45,19,1525,295,28,6,13,6
"278",277,"2006-03-02","2006-03-08",2974,42,32,1526,298,26,4,25,1
"279",278,"2006-03-09","2006-03-15",3002,42,14,1541,301,25,4,10,1
"280",279,"2006-03-16","2006-03-22",3009,27,20,1542,304,11,7,10,4
"281",280,"2006-03-23","2006-03-29",3005,34,38,1530,304,11,4,23,4
"282",281,"2006-03-30","2006-04-05",3025,42,22,1539,306,24,3,15,1
"283",282,"2006-04-06","2006-04-12",3037,35,23,1541,309,18,4,16,1
"284",283,"2006-04-13","2006-04-19",3053,29,13,1549,310,15,2,7,1
"285",284,"2006-04-20","2006-04-26",3065,28,16,1558,310,19,1,10,1
"286",285,"2006-04-27","2006-05-03",3073,26,18,1565,312,14,4,7,2
"287",286,"2006-05-04","2006-05-10",3080,24,17,1570,315,13,4,8,1
"288",287,"2006-05-11","2006-05-17",3060,26,46,1564,312,19,0,25,3
"289",288,"2006-05-18","2006-05-24",3069,19,10,1571,311,14,0,7,1
"290",289,"2006-05-25","2006-05-31",3079,20,10,1574,316,9,5,6,0
"291",290,"2006-06-01","2006-06-07",3088,22,13,1585,313,16,1,5,4
"292",291,"2006-06-08","2006-06-14",3101,26,13,1591,312,11,1,5,2
"293",292,"2006-06-15","2006-06-21",3106,22,17,1591,313,9,5,9,4
"294",293,"2006-06-22","2006-06-28",3121,20,5,1604,314,14,2,1,1
"295",294,"2006-06-29","2006-07-05",3117,22,26,1602,312,13,3,15,5
"296",295,"2006-07-06","2006-07-12",3125,18,10,1604,313,8,1,6,0
"297",296,"2006-07-13","2006-07-19",2309,19,835,1224,185,8,4,388,132
"298",297,"2006-07-20","2006-07-26",1243,27,1093,614,96,18,3,628,92
"299",298,"2006-07-27","2006-08-02",1235,25,33,613,94,16,4,17,6
"300",299,"2006-08-03","2006-08-09",1250,35,20,621,95,15,3,7,2
"301",300,"2006-08-10","2006-08-16",1269,33,14,633,94,19,3,7,4
"302",301,"2006-08-17","2006-08-23",1280,67,56,640,93,44,7,37,8
"303",302,"2006-08-24","2006-08-30",1287,43,36,642,94,21,4,19,3
"304",303,"2006-08-31","2006-09-06",1293,44,38,651,95,29,3,20,2
"305",304,"2006-09-07","2006-09-13",1290,56,59,650,96,39,6,40,5
"306",305,"2006-09-14","2006-09-20",1304,47,33,660,96,31,5,21,5
"307",306,"2006-09-21","2006-09-27",1307,44,41,663,92,31,3,28,7
"308",307,"2006-09-28","2006-10-04",1259,36,84,632,92,22,5,53,5
"309",308,"2006-10-05","2006-10-11",1253,38,44,627,93,24,7,29,6
"310",309,"2006-10-12","2006-10-18",1291,69,31,652,92,38,6,13,7
"311",310,"2006-10-19","2006-10-25",1316,43,18,666,96,26,8,12,4
"312",311,"2006-10-26","2006-11-01",1311,42,47,653,96,20,4,33,4
"313",312,"2006-11-02","2006-11-08",1314,29,26,654,99,15,3,14,0
"314",313,"2006-11-09","2006-11-15",1326,38,26,664,99,26,2,16,2
"315",314,"2006-11-16","2006-11-22",1338,32,20,672,98,19,4,11,5
"316",315,"2006-11-23","2006-11-29",1278,32,92,639,89,18,3,51,12
"317",316,"2006-11-30","2006-12-06",1307,56,27,656,90,33,3,16,2
"318",317,"2006-12-07","2006-12-13",1310,20,17,661,89,14,1,9,2
"319",318,"2006-12-14","2006-12-20",1323,32,19,662,91,13,4,12,2
"320",319,"2006-12-21","2006-12-27",1340,27,10,671,93,17,2,8,0
"321",320,"2006-12-28","2007-01-03",1354,30,16,681,92,20,1,10,2
"322",321,"2007-01-04","2007-01-10",1361,32,25,691,90,22,4,12,6
"323",322,"2007-01-11","2007-01-17",1379,39,21,698,93,22,6,15,3
"324",323,"2007-01-18","2007-01-24",1366,24,37,686,95,10,5,22,3
"325",324,"2007-01-25","2007-01-31",1386,36,16,696,102,17,12,7,5
"326",325,"2007-02-01","2007-02-07",1390,33,29,696,101,16,6,16,7
"327",326,"2007-02-08","2007-02-14",1399,45,36,697,102,26,3,25,2
"328",327,"2007-02-15","2007-02-21",1408,25,16,701,104,13,4,9,2
"329",328,"2007-02-22","2007-02-28",1404,27,31,702,101,18,5,17,8
"330",329,"2007-03-01","2007-03-07",1409,36,31,705,100,23,1,20,2
"331",330,"2007-03-08","2007-03-14",1402,45,52,701,103,34,3,38,0
"332",331,"2007-03-15","2007-03-21",1394,26,34,693,102,11,2,19,3
"333",332,"2007-03-22","2007-03-28",1401,48,41,697,104,24,7,20,5
"334",333,"2007-03-29","2007-04-04",1406,23,18,701,106,16,2,12,0
"335",334,"2007-04-05","2007-04-11",1387,22,41,689,101,13,1,25,6
"336",335,"2007-04-12","2007-04-18",1398,45,34,694,99,18,3,13,5
"337",336,"2007-04-19","2007-04-25",1405,23,16,699,98,14,2,9,3
"338",337,"2007-04-26","2007-05-02",1427,34,12,705,105,12,8,6,1
"339",338,"2007-05-03","2007-05-09",1430,12,9,707,105,7,1,5,1
"340",339,"2007-05-10","2007-05-16",1444,35,21,712,106,17,4,12,3
"341",340,"2007-05-17","2007-05-23",1379,13,78,676,96,8,1,44,11
"342",341,"2007-05-24","2007-05-30",1385,24,18,680,94,12,1,8,3
"343",342,"2007-05-31","2007-06-06",1416,48,17,701,95,30,2,9,1
"344",343,"2007-06-07","2007-06-13",1419,13,10,702,96,7,3,6,2
"345",344,"2007-06-14","2007-06-20",1426,19,12,706,96,10,2,6,2
"346",345,"2007-06-21","2007-06-27",1394,22,54,687,92,10,1,29,5
"347",346,"2007-06-28","2007-07-04",1429,61,26,703,100,33,9,17,1
"348",347,"2007-07-05","2007-07-11",1462,45,12,720,109,23,9,6,0
"349",348,"2007-07-12","2007-07-18",1487,41,16,736,110,28,1,12,0
"350",349,"2007-07-19","2007-07-25",1517,55,25,756,110,38,1,18,1
"351",350,"2007-07-26","2007-08-01",1514,50,53,759,111,33,5,30,4
"352",351,"2007-08-02","2007-08-08",1507,34,41,748,111,18,1,29,1
"353",352,"2007-08-09","2007-08-15",1439,39,107,720,105,26,2,54,8
"354",353,"2007-08-16","2007-08-22",1470,58,27,741,107,35,6,14,4
"355",354,"2007-08-23","2007-08-29",1498,58,30,760,105,36,2,17,4
"356",355,"2007-08-30","2007-09-05",1507,28,19,765,103,18,1,13,3
"357",356,"2007-09-06","2007-09-12",1499,43,51,756,100,27,2,36,5
"358",357,"2007-09-13","2007-09-19",1528,46,17,773,102,28,5,11,3
"359",358,"2007-09-20","2007-09-26",1540,46,34,780,102,32,1,25,1
"360",359,"2007-09-27","2007-10-03",1541,33,32,781,102,20,3,19,3
"361",360,"2007-10-04","2007-10-10",1544,28,25,776,101,15,1,20,2
"362",361,"2007-10-11","2007-10-17",1563,35,16,787,100,21,1,10,2
"363",362,"2007-10-18","2007-10-24",1590,50,23,805,100,25,6,7,6
"364",363,"2007-10-25","2007-10-31",1623,65,32,829,104,38,7,14,3
"365",364,"2007-11-01","2007-11-07",1648,55,30,846,106,31,6,14,4
"366",365,"2007-11-08","2007-11-14",1638,31,41,830,107,16,3,32,2
"367",366,"2007-11-15","2007-11-21",1660,45,23,837,112,20,9,13,4
"368",367,"2007-11-22","2007-11-28",1653,58,65,838,111,33,9,32,10
"369",368,"2007-11-29","2007-12-05",1664,41,30,845,111,23,3,16,3
"370",369,"2007-12-06","2007-12-12",1665,34,33,847,113,23,5,21,3
"371",370,"2007-12-13","2007-12-19",1702,51,14,871,114,32,3,8,2
"372",371,"2007-12-20","2007-12-26",1706,19,15,875,112,14,0,10,2
"373",372,"2007-12-27","2008-01-02",1709,25,22,882,111,17,0,10,1
"374",373,"2008-01-03","2008-01-09",1692,47,64,866,112,22,7,38,6
"375",374,"2008-01-10","2008-01-16",1703,48,37,873,115,30,7,23,4
"376",375,"2008-01-17","2008-01-23",1742,93,54,901,114,60,6,32,7
"377",376,"2008-01-24","2008-01-30",1735,54,61,887,117,32,7,46,4
"378",377,"2008-01-31","2008-02-06",1689,33,79,862,113,19,3,44,7
"379",378,"2008-02-07","2008-02-13",1705,58,42,867,116,32,5,27,2
"380",379,"2008-02-14","2008-02-20",1696,64,73,852,114,35,3,50,5
"381",380,"2008-02-21","2008-02-27",1699,40,37,857,113,24,3,19,4
"382",381,"2008-02-28","2008-03-05",1701,28,26,861,115,16,4,12,2
"383",382,"2008-03-06","2008-03-12",1725,48,24,865,122,18,11,14,4
"384",383,"2008-03-13","2008-03-19",1690,36,71,848,107,22,3,39,18
"385",384,"2008-03-20","2008-03-26",1689,22,23,854,106,14,2,8,3
"386",385,"2008-03-27","2008-04-02",1603,18,104,794,94,12,2,72,14
"387",386,"2008-04-03","2008-04-09",1599,58,62,791,95,33,15,36,14
"388",387,"2008-04-10","2008-04-16",1614,59,44,797,99,30,8,24,4
"389",388,"2008-04-17","2008-04-23",1599,33,48,790,100,25,4,32,3
"390",389,"2008-04-24","2008-04-30",1604,34,29,784,101,13,4,19,3
"391",390,"2008-05-01","2008-05-07",1607,35,32,783,98,19,1,20,4
"392",391,"2008-05-08","2008-05-14",1579,36,64,775,101,23,6,31,3
"393",392,"2008-05-15","2008-05-21",1569,39,49,779,99,24,3,20,5
"394",393,"2008-05-22","2008-05-28",1580,36,25,779,101,17,9,17,7
"395",394,"2008-05-29","2008-06-04",1572,27,35,774,102,18,4,23,3
"396",395,"2008-06-05","2008-06-11",1596,49,25,792,104,34,6,16,4
"397",396,"2008-06-12","2008-06-18",1598,27,25,795,104,16,4,13,4
"398",397,"2008-06-19","2008-06-25",1571,40,67,776,102,20,4,39,6
"399",398,"2008-06-26","2008-07-02",1585,32,18,787,103,21,1,10,0
"400",399,"2008-07-03","2008-07-09",1574,25,36,789,102,20,3,18,4
"401",400,"2008-07-10","2008-07-16",1567,29,36,782,101,19,3,26,4
"402",401,"2008-07-17","2008-07-23",1580,45,32,795,102,31,2,18,1
"403",402,"2008-07-24","2008-07-30",1589,38,29,795,105,24,3,24,0
"404",403,"2008-07-31","2008-08-06",1588,32,33,797,103,16,5,14,7
"405",404,"2008-08-07","2008-08-13",1580,39,47,789,99,21,1,29,5
"406",405,"2008-08-14","2008-08-20",1567,31,44,786,97,26,2,29,4
"407",406,"2008-08-21","2008-08-27",1569,37,35,782,101,19,6,23,2
"408",407,"2008-08-28","2008-09-03",1535,44,78,757,98,28,3,53,6
"409",408,"2008-09-04","2008-09-10",1539,29,25,755,98,15,3,17,3
"410",409,"2008-09-11","2008-09-17",1557,50,32,767,97,33,5,21,6
"411",410,"2008-09-18","2008-09-24",1553,51,55,775,99,37,6,29,4
"412",411,"2008-09-25","2008-10-01",1584,56,25,782,106,20,10,13,3
"413",412,"2008-10-02","2008-10-08",1593,49,40,783,106,24,5,23,5
"414",413,"2008-10-09","2008-10-15",1613,43,23,802,107,32,2,13,1
"415",414,"2008-10-16","2008-10-22",1628,43,28,819,109,32,4,15,2
"416",415,"2008-10-23","2008-10-29",1644,38,22,826,116,17,12,10,5
"417",416,"2008-10-30","2008-11-05",1678,54,20,846,118,31,3,11,1
"418",417,"2008-11-06","2008-11-12",1707,45,16,870,121,32,7,8,4
"419",418,"2008-11-13","2008-11-19",1716,24,15,875,122,14,3,9,2
"420",419,"2008-11-20","2008-11-26",1704,41,53,863,120,22,6,34,8
"421",420,"2008-11-27","2008-12-03",1722,26,8,868,122,12,2,7,0
"422",421,"2008-12-04","2008-12-10",1739,27,10,882,123,20,2,6,1
"423",422,"2008-12-11","2008-12-17",1751,24,12,891,125,18,4,9,2
"424",423,"2008-12-18","2008-12-24",1750,24,25,891,124,18,2,18,3
"425",424,"2008-12-25","2008-12-31",1741,14,23,889,124,9,0,11,0
"426",425,"2009-01-01","2009-01-07",1755,24,10,898,125,15,2,6,1
"427",426,"2009-01-08","2009-01-14",1760,25,20,902,127,18,2,14,0
"428",427,"2009-01-15","2009-01-21",1784,41,17,921,132,31,5,12,0
"429",428,"2009-01-22","2009-01-28",1788,46,42,922,134,31,6,30,4
"430",429,"2009-01-29","2009-02-04",1815,41,14,935,135,23,3,10,2
"431",430,"2009-02-05","2009-02-11",1823,23,15,943,134,17,2,9,3
"432",431,"2009-02-12","2009-02-18",1832,13,4,946,136,5,3,2,1
"433",432,"2009-02-19","2009-02-25",1850,27,9,958,141,19,5,7,0
"434",433,"2009-02-26","2009-03-04",1861,30,19,964,142,15,2,9,1
"435",434,"2009-03-05","2009-03-11",1868,28,21,973,141,20,1,11,2
"436",435,"2009-03-12","2009-03-18",1873,19,14,978,143,12,4,7,2
"437",436,"2009-03-19","2009-03-25",1869,20,24,978,142,13,1,13,2
"438",437,"2009-03-26","2009-04-01",1886,25,8,987,144,13,4,4,2
"439",438,"2009-04-02","2009-04-08",1895,19,10,992,144,12,1,7,1
"440",439,"2009-04-09","2009-04-15",1898,10,7,996,144,6,1,2,1
"441",440,"2009-04-16","2009-04-22",1897,10,11,996,144,5,3,5,3
"442",441,"2009-04-23","2009-04-29",1908,26,15,1002,146,13,5,7,3
"443",442,"2009-04-30","2009-05-06",1914,18,12,1005,146,9,2,6,2
"444",443,"2009-05-07","2009-05-13",1920,14,8,1009,148,11,2,7,0
"445",444,"2009-05-14","2009-05-20",1930,16,6,1012,151,6,4,3,1
"446",445,"2009-05-21","2009-05-27",1916,16,30,998,151,10,3,24,3
"447",446,"2009-05-28","2009-06-03",1913,6,9,999,148,3,0,2,3
"448",447,"2009-06-04","2009-06-10",1928,22,7,1011,150,15,4,3,2
"449",448,"2009-06-11","2009-06-17",1908,18,38,1009,148,11,1,13,3
"450",449,"2009-06-18","2009-06-24",1918,31,21,1015,148,23,0,17,0
"451",450,"2009-06-25","2009-07-01",1905,30,43,1015,146,20,4,20,6
"452",451,"2009-07-02","2009-07-08",1905,16,16,1017,146,11,2,9,2
"453",452,"2009-07-09","2009-07-15",1907,7,5,1018,147,4,2,3,1
"454",453,"2009-07-16","2009-07-22",1914,15,8,1022,147,7,5,3,5
"455",454,"2009-07-23","2009-07-29",1920,12,6,1025,148,7,1,4,0
"456",455,"2009-07-30","2009-08-05",1932,13,1,1031,150,6,2,0,0
"457",456,"2009-08-06","2009-08-12",1935,16,13,1036,149,10,2,5,3
"458",457,"2009-08-13","2009-08-19",1951,29,13,1042,151,16,3,10,1
"459",458,"2009-08-20","2009-08-26",1961,15,5,1044,151,6,0,4,0
"460",459,"2009-08-27","2009-09-02",1956,17,22,1047,154,6,4,3,1
"461",460,"2009-09-03","2009-09-09",1963,24,17,1055,150,16,1,8,5
"462",461,"2009-09-10","2009-09-16",1973,25,15,1064,151,16,5,7,4
"463",462,"2009-09-17","2009-09-23",1980,18,11,1068,152,9,2,5,1
"464",463,"2009-09-24","2009-09-30",1986,11,5,1069,155,4,4,3,1
"465",464,"2009-10-01","2009-10-07",1995,17,8,1074,155,9,2,4,2
"466",465,"2009-10-08","2009-10-14",1996,18,17,1074,156,11,1,11,0
"467",466,"2009-10-15","2009-10-21",2001,13,8,1074,161,5,6,5,1
"468",467,"2009-10-22","2009-10-28",2005,17,13,1078,163,12,2,8,0
"469",468,"2009-10-29","2009-11-04",2011,17,11,1081,164,11,2,8,1
"470",469,"2009-11-05","2009-11-11",1991,20,40,1064,164,11,0,28,0
"471",470,"2009-11-12","2009-11-18",2003,27,15,1075,163,16,5,5,6
"472",471,"2009-11-19","2009-11-25",2023,35,15,1085,168,20,8,10,3
"473",472,"2009-11-26","2009-12-02",2029,18,12,1091,166,10,2,4,4
"474",473,"2009-12-03","2009-12-09",2019,37,47,1088,165,21,4,24,5
"475",474,"2009-12-10","2009-12-16",2017,27,29,1084,163,18,2,22,4
"476",475,"2009-12-17","2009-12-23",2032,28,13,1090,164,15,3,9,2
"477",476,"2009-12-24","2009-12-30",2041,19,10,1096,165,12,1,6,0
"478",477,"2009-12-31","2010-01-06",2054,21,8,1104,165,12,3,4,3
"479",478,"2010-01-07","2010-01-13",2059,18,13,1106,168,11,6,9,3
"480",479,"2010-01-14","2010-01-20",2079,31,11,1121,172,22,4,7,0
"481",480,"2010-01-21","2010-01-27",2084,19,14,1122,174,11,4,10,2
"482",481,"2010-01-28","2010-02-03",2108,30,6,1132,180,14,7,4,1
"483",482,"2010-02-04","2010-02-10",1953,19,174,1027,175,9,3,114,8
"484",483,"2010-02-11","2010-02-17",1953,17,17,1028,175,12,3,11,3
"485",484,"2010-02-18","2010-02-24",1918,21,56,998,176,12,5,42,4
"486",485,"2010-02-25","2010-03-03",1848,14,84,995,170,10,0,13,6
"487",486,"2010-03-04","2010-03-10",1679,28,197,930,142,17,1,82,29
"488",487,"2010-03-11","2010-03-17",1646,23,56,912,139,11,1,29,4
"489",488,"2010-03-18","2010-03-24",1633,26,39,906,140,14,4,20,3
"490",489,"2010-03-25","2010-03-31",1609,17,41,895,138,11,0,22,2
"491",490,"2010-04-01","2010-04-07",1612,13,10,893,140,4,2,6,0
"492",491,"2010-04-08","2010-04-14",1620,15,7,894,145,4,6,3,1
"493",492,"2010-04-15","2010-04-21",1607,13,26,884,145,6,6,16,6
"494",493,"2010-04-22","2010-04-28",1611,27,23,882,147,11,5,13,3
"495",494,"2010-04-29","2010-05-05",1609,14,16,880,149,6,5,8,3
"496",495,"2010-05-06","2010-05-12",1603,10,16,877,146,5,1,8,4
"497",496,"2010-05-13","2010-05-19",1617,30,16,882,152,17,7,12,1
"498",497,"2010-05-20","2010-05-26",1625,15,7,888,151,9,0,3,1
"499",498,"2010-05-27","2010-06-02",1637,22,10,897,150,10,3,1,4
"500",499,"2010-06-03","2010-06-09",1646,17,8,903,153,9,4,3,1
"501",500,"2010-06-10","2010-06-16",1657,16,5,909,156,10,3,4,0
"502",501,"2010-06-17","2010-06-23",1663,15,9,913,156,11,2,7,2
"503",502,"2010-06-24","2010-06-30",1635,19,47,885,152,6,6,34,10
"504",503,"2010-07-01","2010-07-07",1638,16,13,887,152,6,5,4,5
"505",504,"2010-07-08","2010-07-14",1648,20,10,895,151,13,3,5,4
"506",505,"2010-07-15","2010-07-21",1656,17,9,895,157,7,6,7,0
"507",506,"2010-07-22","2010-07-28",1667,17,6,901,159,11,3,5,1
"508",507,"2010-07-29","2010-08-04",1676,21,12,904,161,11,3,8,1
"509",508,"2010-08-05","2010-08-11",1672,16,20,901,158,7,1,10,4
"510",509,"2010-08-12","2010-08-18",1662,11,21,890,158,6,3,17,3
"511",510,"2010-08-19","2010-08-25",1662,13,13,893,160,7,2,4,0
"512",511,"2010-08-26","2010-09-01",1663,22,21,889,161,9,3,13,2
"513",512,"2010-09-02","2010-09-08",1674,18,7,896,161,11,1,4,1
"514",513,"2010-09-09","2010-09-15",1680,17,11,901,161,9,2,4,2
"515",514,"2010-09-16","2010-09-22",1684,10,6,903,163,5,3,3,1
"516",515,"2010-09-23","2010-09-29",1686,20,18,908,163,12,1,7,1
"517",516,"2010-09-30","2010-10-06",1692,12,6,915,164,9,1,2,0
"518",517,"2010-10-07","2010-10-13",1691,12,13,914,165,9,1,10,0
"519",518,"2010-10-14","2010-10-20",1672,15,34,902,165,9,3,21,3
"520",519,"2010-10-21","2010-10-27",1677,42,37,905,165,8,0,5,0
"521",520,"2010-10-28","2010-11-03",1683,10,4,907,167,4,2,2,0
"522",521,"2010-11-04","2010-11-10",1693,18,8,916,168,13,1,4,0
"523",522,"2010-11-11","2010-11-17",1700,17,10,917,168,6,2,5,2
"524",523,"2010-11-18","2010-11-24",1706,10,4,924,168,9,1,2,1
"525",524,"2010-11-25","2010-12-01",1672,15,49,904,166,8,0,28,2
"526",525,"2010-12-02","2010-12-08",1680,22,14,905,165,7,1,6,2
"527",526,"2010-12-09","2010-12-15",1685,33,28,908,164,22,2,19,3
"528",527,"2010-12-16","2010-12-22",1684,10,11,905,165,4,1,7,0
"529",528,"2010-12-23","2010-12-29",1695,21,10,913,166,15,1,7,0
"530",529,"2010-12-30","2011-01-05",1710,21,6,923,169,12,3,2,0
"531",530,"2011-01-06","2011-01-12",1710,12,12,924,169,11,0,10,0
"532",531,"2011-01-13","2011-01-19",1711,14,13,926,167,9,1,7,3
"533",532,"2011-01-20","2011-01-26",1712,14,13,926,167,8,1,8,1
"534",533,"2011-01-27","2011-02-02",1711,7,8,926,167,6,1,6,1
"535",534,"2011-02-03","2011-02-09",1707,21,25,921,167,11,4,16,4
"536",535,"2011-02-10","2011-02-16",1697,7,17,915,166,4,1,10,2
"537",536,"2011-02-17","2011-02-23",1682,14,29,908,166,9,1,16,1
"538",537,"2011-02-24","2011-03-02",1677,10,15,903,166,7,0,12,0
"539",538,"2011-03-03","2011-03-09",1671,9,15,902,166,8,0,9,0
"540",539,"2011-03-10","2011-03-16",1673,8,6,905,166,7,0,4,0
"541",540,"2011-03-17","2011-03-23",1668,8,13,902,167,4,3,7,2
"542",541,"2011-03-24","2011-03-30",1656,9,21,895,164,7,0,14,3
"543",542,"2011-03-31","2011-04-06",1659,15,12,896,164,10,2,9,2
"544",543,"2011-04-07","2011-04-13",1660,7,6,895,164,3,0,4,0
"545",544,"2011-04-14","2011-04-20",1664,8,4,896,165,3,2,2,1
"546",545,"2011-04-21","2011-04-27",1670,7,1,897,168,1,4,0,1
"547",546,"2011-04-28","2011-05-04",1668,12,14,894,169,4,5,7,4
"548",547,"2011-05-05","2011-05-11",1673,12,7,899,168,9,0,4,1
"549",548,"2011-05-12","2011-05-18",1673,12,12,899,167,3,2,3,3
"550",549,"2011-05-19","2011-05-25",1674,11,10,899,168,4,1,4,0
"551",550,"2011-05-26","2011-06-01",1671,5,8,900,168,3,1,2,1
"552",551,"2011-06-02","2011-06-08",1667,17,21,898,167,10,3,12,4
"553",552,"2011-06-09","2011-06-15",1644,10,33,899,166,8,1,7,2
"554",553,"2011-06-16","2011-06-22",1638,7,13,894,168,3,2,8,0
"555",554,"2011-06-23","2011-06-29",1652,20,6,902,172,11,5,3,1
"556",555,"2011-06-30","2011-07-06",1667,29,14,915,173,24,1,11,0
"557",556,"2011-07-07","2011-07-13",1668,20,19,917,174,15,2,13,1
"558",557,"2011-07-14","2011-07-20",1673,25,20,921,174,16,5,12,5
"559",558,"2011-07-21","2011-07-27",1657,32,48,924,172,30,0,27,2
"560",559,"2011-07-28","2011-08-03",1664,19,12,928,172,13,1,9,1
"561",560,"2011-08-04","2011-08-10",1669,15,10,931,174,11,3,8,1
"562",561,"2011-08-11","2011-08-17",1677,16,8,940,176,13,2,4,0
"563",562,"2011-08-18","2011-08-24",1694,24,7,952,178,18,3,6,1
"564",563,"2011-08-25","2011-08-31",1684,13,23,943,178,12,0,21,0
"565",564,"2011-09-01","2011-09-07",1694,14,4,952,180,11,2,2,0
"566",565,"2011-09-08","2011-09-14",1692,15,17,950,179,10,1,12,2
"567",566,"2011-09-15","2011-09-21",1692,15,15,948,179,13,0,15,0
"568",567,"2011-09-22","2011-09-28",1688,17,21,943,178,12,1,17,2
"569",568,"2011-09-29","2011-10-05",1698,19,9,949,179,14,2,8,1
"570",569,"2011-10-06","2011-10-12",1707,22,13,958,180,19,1,10,0
"571",570,"2011-10-13","2011-10-19",1685,15,37,947,176,11,2,22,6
"572",571,"2011-10-20","2011-10-26",1671,18,32,934,176,12,0,25,0
"573",572,"2011-10-27","2011-11-02",1672,19,18,938,176,18,0,14,0
"574",573,"2011-11-03","2011-11-09",1366,23,329,742,143,18,1,214,34
"575",574,"2011-11-10","2011-11-16",1371,22,17,748,144,14,3,8,2
"576",575,"2011-11-17","2011-11-23",1327,21,65,727,140,16,0,37,4
"577",576,"2011-11-24","2011-11-30",1308,9,28,715,141,7,1,19,0
"578",577,"2011-12-01","2011-12-07",1277,11,42,696,136,11,0,30,5
"579",578,"2011-12-08","2011-12-14",1269,15,23,696,134,14,0,14,2
"580",579,"2011-12-15","2011-12-21",1269,13,13,698,133,9,1,7,2
"581",580,"2011-12-22","2011-12-28",1269,5,5,700,133,5,0,3,0
"582",581,"2011-12-29","2012-01-04",1258,14,25,696,132,9,2,13,3
"583",582,"2012-01-05","2012-01-11",1206,22,74,670,126,14,4,40,10
"584",583,"2012-01-12","2012-01-18",1204,29,31,667,126,18,2,21,2
"585",584,"2012-01-19","2012-01-25",1190,20,34,663,125,18,1,22,2
"586",585,"2012-01-26","2012-02-01",1190,18,18,665,125,13,1,11,1
"587",586,"2012-02-02","2012-02-08",1187,19,22,669,123,16,0,12,2
"588",587,"2012-02-09","2012-02-15",1180,9,16,665,123,7,1,11,1
"589",588,"2012-02-16","2012-02-22",1186,19,13,668,124,10,2,7,1
"590",589,"2012-02-23","2012-02-29",1195,19,10,673,125,13,1,8,0
"591",590,"2012-03-01","2012-03-07",1189,16,22,670,126,12,2,15,1
"592",591,"2012-03-08","2012-03-14",1189,19,19,671,124,13,2,12,4
"593",592,"2012-03-15","2012-03-21",1200,19,8,679,124,16,0,8,0
"594",593,"2012-03-22","2012-03-28",1207,20,13,684,125,16,1,11,0
"595",594,"2012-03-29","2012-04-04",1214,16,9,689,125,12,1,7,1
"596",595,"2012-04-05","2012-04-11",1211,3,6,688,124,3,0,4,1
"597",596,"2012-04-12","2012-04-18",1212,13,12,690,123,11,0,9,1
"598",597,"2012-04-19","2012-04-25",1217,11,6,692,125,7,2,5,0
"599",598,"2012-04-26","2012-05-02",1222,14,9,697,126,8,1,3,0
"600",599,"2012-05-03","2012-05-09",1225,23,20,704,123,15,2,8,5
"601",600,"2012-05-10","2012-05-16",1208,45,62,692,121,41,0,53,2
"602",601,"2012-05-17","2012-05-23",1196,23,35,691,121,17,2,18,2
"603",602,"2012-05-24","2012-05-30",1186,10,20,688,119,6,1,9,3
"604",603,"2012-05-31","2012-06-06",1193,15,8,693,119,10,2,5,2
"605",604,"2012-06-07","2012-06-13",1191,11,13,693,118,6,1,6,2
"606",605,"2012-06-14","2012-06-20",1198,21,14,698,118,14,1,9,1
"607",606,"2012-06-21","2012-06-27",1200,19,17,701,118,16,1,13,1
"608",607,"2012-06-28","2012-07-04",1210,19,9,705,119,12,1,8,0
"609",608,"2012-07-05","2012-07-11",1216,16,10,711,119,10,0,4,0
"610",609,"2012-07-12","2012-07-18",1219,11,8,715,118,7,0,3,1
"611",610,"2012-07-19","2012-07-25",1218,13,14,716,117,9,2,8,3
"612",611,"2012-07-26","2012-08-01",1221,14,11,718,117,12,0,10,0
"613",612,"2012-08-02","2012-08-08",1225,14,10,720,116,10,0,8,1
"614",613,"2012-08-09","2012-08-15",1218,17,24,718,113,13,0,15,3
"615",614,"2012-08-16","2012-08-22",1215,9,12,715,114,5,1,8,0
"616",615,"2012-08-23","2012-08-29",1218,16,13,719,116,13,2,9,0
"617",616,"2012-08-30","2012-09-05",1217,22,23,722,112,17,2,14,6
"618",617,"2012-09-06","2012-09-12",1219,15,13,724,112,11,0,9,0
"619",618,"2012-09-13","2012-09-19",1223,15,11,730,114,11,2,5,0
"620",619,"2012-09-20","2012-09-26",1224,18,17,727,115,11,1,14,0
"621",620,"2012-09-27","2012-10-03",1203,83,104,712,111,59,1,74,5
"622",621,"2012-10-04","2012-10-10",1199,36,40,713,110,32,2,31,3
"623",622,"2012-10-11","2012-10-17",1194,25,30,711,108,17,2,19,4
"624",623,"2012-10-18","2012-10-24",1200,14,8,717,109,12,2,6,1
"625",624,"2012-10-25","2012-10-31",1203,14,11,719,111,10,2,8,0
"626",625,"2012-11-01","2012-11-07",1192,18,29,712,111,14,1,21,1
"627",626,"2012-11-08","2012-11-14",1186,7,13,706,111,5,0,11,0
"628",627,"2012-11-15","2012-11-21",1189,14,11,710,111,13,0,9,0
"629",628,"2012-11-22","2012-11-28",1184,12,17,710,110,10,2,10,3
"630",629,"2012-11-29","2012-12-05",1187,15,12,712,112,12,3,10,1
"631",630,"2012-12-06","2012-12-12",1185,6,8,711,112,4,0,5,0
"632",631,"2012-12-13","2012-12-19",1191,9,3,716,112,8,0,3,0
"633",632,"2012-12-20","2012-12-26",1198,12,5,721,114,9,2,4,0
"634",633,"2012-12-27","2013-01-02",1197,8,9,719,114,7,0,9,0
"635",634,"2013-01-03","2013-01-09",1196,13,14,720,113,8,0,7,1
"636",635,"2013-01-10","2013-01-16",1197,13,12,721,112,11,0,10,1
"637",636,"2013-01-17","2013-01-23",1202,13,8,724,113,9,1,6,0
"638",637,"2013-01-24","2013-01-30",1209,15,8,731,113,12,2,5,2
"639",638,"2013-01-31","2013-02-06",1204,6,11,728,114,4,2,7,1
"640",639,"2013-02-07","2013-02-13",1194,7,17,721,113,3,1,10,2
"641",640,"2013-02-14","2013-02-20",1196,16,14,723,113,14,0,12,0
"642",641,"2013-02-21","2013-02-27",1192,8,12,718,112,6,0,11,1
"643",642,"2013-02-28","2013-03-06",1192,11,11,717,112,6,0,7,0
"644",643,"2013-03-07","2013-03-13",1181,9,20,709,112,7,0,15,0
"645",644,"2013-03-14","2013-03-20",1180,9,10,708,112,9,0,10,0
"646",645,"2013-03-21","2013-03-27",1181,7,6,710,112,6,1,4,1
"647",646,"2013-03-28","2013-04-03",1184,8,5,715,112,7,1,2,1
"648",647,"2013-04-04","2013-04-10",1185,9,8,715,112,7,1,7,1
"649",648,"2013-04-11","2013-04-17",1200,24,9,731,111,22,0,6,1
"650",649,"2013-04-18","2013-04-24",1202,13,11,732,109,7,0,6,2
"651",650,"2013-04-25","2013-05-01",1197,12,17,727,110,9,1,14,0
"652",651,"2013-05-02","2013-05-08",1206,15,6,736,110,14,0,5,0
"653",652,"2013-05-09","2013-05-15",1210,22,18,738,110,16,1,14,1
"654",653,"2013-05-16","2013-05-22",1205,15,20,730,110,10,0,18,0
"655",654,"2013-05-23","2013-05-29",1205,9,9,731,110,8,0,7,0
"656",655,"2013-05-30","2013-06-05",1207,4,2,734,110,4,0,1,0
"657",656,"2013-06-06","2013-06-12",1204,7,10,729,110,5,0,10,0
"658",657,"2013-06-13","2013-06-19",1177,9,36,710,107,9,0,28,3
"659",658,"2013-06-20","2013-06-26",1175,12,14,707,108,7,1,10,0
"660",659,"2013-06-27","2013-07-03",1175,2,2,709,107,2,0,0,1
"661",660,"2013-07-04","2013-07-10",1178,7,4,710,109,4,2,3,0
"662",661,"2013-07-11","2013-07-17",1179,9,8,710,109,8,0,8,0
"663",662,"2013-07-18","2013-07-24",1177,3,5,710,109,2,0,2,0
"664",663,"2013-07-25","2013-07-31",1177,6,6,710,110,4,2,4,1
"665",664,"2013-08-01","2013-08-07",1180,8,5,711,111,5,1,4,0
"666",665,"2013-08-08","2013-08-14",1181,4,3,711,111,3,0,3,0
"667",666,"2013-08-15","2013-08-21",1185,6,2,714,112,3,1,0,0
"668",667,"2013-08-22","2013-08-28",1190,11,6,719,111,10,0,5,1
"669",668,"2013-08-29","2013-09-04",1197,11,4,723,111,7,0,3,0
"670",669,"2013-09-05","2013-09-11",1199,5,3,724,111,4,0,3,0
"671",670,"2013-09-12","2013-09-18",1201,6,4,726,111,5,0,3,0
"672",671,"2013-09-19","2013-09-25",1213,19,7,734,113,13,2,5,0
"673",672,"2013-09-26","2013-10-02",1218,13,8,736,115,9,2,7,0
"674",673,"2013-10-03","2013-10-09",1221,13,10,738,116,8,1,6,0
"675",674,"2013-10-10","2013-10-16",1232,24,13,744,116,14,1,8,1
"676",675,"2013-10-17","2013-10-23",1229,6,9,743,116,6,0,7,0
"677",676,"2013-10-24","2013-10-30",1230,17,16,745,119,13,3,11,0
"678",677,"2013-10-31","2013-11-06",1217,6,19,738,119,3,2,10,2
"679",678,"2013-11-07","2013-11-13",1221,19,15,744,119,17,0,11,0
"680",679,"2013-11-14","2013-11-20",1221,16,16,749,116,14,1,9,4
"681",680,"2013-11-21","2013-11-27",1220,21,22,750,115,17,0,16,1
"682",681,"2013-11-28","2013-12-04",1221,12,11,753,114,12,0,9,1
"683",682,"2013-12-05","2013-12-11",1213,14,22,746,115,12,1,19,0
"684",683,"2013-12-12","2013-12-18",1210,10,13,741,115,7,0,12,0
"685",684,"2013-12-19","2013-12-25",1213,6,3,744,114,4,0,1,1
"686",685,"2013-12-26","2014-01-01",1219,8,2,750,113,6,1,0,2
"687",686,"2014-01-02","2014-01-08",1221,7,5,753,114,6,1,3,0
"688",687,"2014-01-09","2014-01-15",1229,10,2,762,113,10,0,1,1
"689",688,"2014-01-16","2014-01-22",1226,8,11,760,113,8,0,10,0
"690",689,"2014-01-23","2014-01-29",1233,10,3,766,113,8,0,2,0
"691",690,"2014-01-30","2014-02-05",1239,11,5,772,113,10,0,4,0
"692",691,"2014-02-06","2014-02-12",1239,4,4,773,113,4,0,3,0
"693",692,"2014-02-13","2014-02-19",1240,9,8,773,113,8,0,8,0
"694",693,"2014-02-20","2014-02-26",1239,8,9,775,112,7,0,5,1
"695",694,"2014-02-27","2014-03-05",1185,15,69,739,108,8,2,44,6
"696",695,"2014-03-06","2014-03-12",1168,9,26,728,108,8,0,19,0
"697",696,"2014-03-13","2014-03-19",1174,18,12,732,112,10,5,6,1
"698",697,"2014-03-20","2014-03-26",1139,16,51,704,112,10,2,38,2
"699",698,"2014-03-27","2014-04-02",1133,13,19,701,112,11,0,14,0
"700",699,"2014-04-03","2014-04-09",1134,9,8,701,112,8,0,8,0
"701",700,"2014-04-10","2014-04-16",1138,8,4,706,112,7,0,2,0
"702",701,"2014-04-17","2014-04-23",1133,14,19,703,111,12,0,15,1
"703",702,"2014-04-24","2014-04-30",1091,16,58,674,110,14,1,43,2
"704",703,"2014-05-01","2014-05-07",1083,15,23,671,108,13,0,16,2
"705",704,"2014-05-08","2014-05-14",1080,8,11,671,108,7,1,7,1
"706",705,"2014-05-15","2014-05-21",1082,7,5,672,109,5,1,4,0
"707",706,"2014-05-22","2014-05-28",1085,11,8,675,108,10,0,7,1
"708",707,"2014-05-29","2014-06-04",1095,12,2,682,109,9,1,2,0
"709",708,"2014-06-05","2014-06-11",1095,10,10,683,108,9,0,8,1
"710",709,"2014-06-12","2014-06-18",1095,9,9,684,108,9,0,8,0
"711",710,"2014-06-19","2014-06-25",1094,6,7,685,107,5,0,4,1
"712",711,"2014-06-26","2014-07-02",1099,9,4,689,107,7,1,3,1
"713",712,"2014-07-03","2014-07-09",1101,3,1,689,107,1,0,1,0
"714",713,"2014-07-10","2014-07-16",1094,4,11,682,108,1,1,8,0
"715",714,"2014-07-17","2014-07-23",1090,15,19,679,107,13,0,16,1
"716",715,"2014-07-24","2014-07-30",1096,12,6,683,109,10,2,6,0
"717",716,"2014-07-31","2014-08-06",1103,14,7,689,109,11,0,5,0
"718",717,"2014-08-07","2014-08-13",1106,5,2,691,110,4,1,2,0
"719",718,"2014-08-14","2014-08-20",1112,11,5,697,110,11,0,5,0
"720",719,"2014-08-21","2014-08-27",1110,3,5,694,110,2,0,5,0
"721",720,"2014-08-28","2014-09-03",1113,15,12,699,109,15,0,10,1
"722",721,"2014-09-04","2014-09-10",1099,13,27,689,109,12,0,22,0
"723",722,"2014-09-11","2014-09-17",1101,8,6,692,109,8,0,5,0
"724",723,"2014-09-18","2014-09-24",1101,8,8,693,109,7,0,6,0
"725",724,"2014-09-25","2014-10-01",1030,18,89,637,102,14,1,70,8
"726",725,"2014-10-02","2014-10-08",1031,13,12,637,102,11,0,11,0
"727",726,"2014-10-09","2014-10-15",1046,26,11,648,103,21,2,10,1
"728",727,"2014-10-16","2014-10-22",1040,18,24,644,103,16,1,20,1
"729",728,"2014-10-23","2014-10-29",1041,17,16,649,102,15,1,10,2
"730",729,"2014-10-30","2014-11-05",1031,19,29,640,102,18,0,27,0
"731",730,"2014-11-06","2014-11-12",1026,8,13,635,103,7,1,12,0
"732",731,"2014-11-13","2014-11-19",899,21,148,538,83,15,1,112,21
"733",732,"2014-11-20","2014-11-26",896,10,13,536,83,8,1,10,1
"734",733,"2014-11-27","2014-12-03",898,6,4,538,83,6,0,4,0
"735",734,"2014-12-04","2014-12-10",885,15,28,525,83,10,1,23,1
"736",735,"2014-12-11","2014-12-17",884,8,9,525,83,7,1,7,1
"737",736,"2014-12-18","2014-12-24",878,7,13,523,81,6,0,8,2
"738",737,"2014-12-25","2014-12-31",877,9,10,525,80,8,1,6,2
"739",738,"2015-01-01","2015-01-07",873,15,19,524,80,15,0,16,0
"740",739,"2015-01-08","2015-01-14",880,16,9,527,80,11,1,8,1
"741",740,"2015-01-15","2015-01-21",881,12,11,531,80,11,0,7,0
"742",741,"2015-01-22","2015-01-28",869,11,23,522,80,9,2,18,2
"743",742,"2015-01-29","2015-02-04",864,13,18,517,80,13,0,18,0
"744",743,"2015-02-05","2015-02-11",855,12,21,509,80,10,2,18,2
"745",744,"2015-02-12","2015-02-18",823,9,41,492,80,9,0,26,0
"746",745,"2015-02-19","2015-02-25",792,16,47,479,79,15,0,28,1
"747",746,"2015-02-26","2015-03-04",784,17,25,472,79,15,2,22,2
"748",747,"2015-03-05","2015-03-11",786,9,7,474,79,7,0,5,0
"749",748,"2015-03-12","2015-03-18",785,9,10,474,79,9,0,9,0
"750",749,"2015-03-19","2015-03-25",785,15,15,477,80,13,1,10,0
"751",750,"2015-03-26","2015-04-01",782,6,9,475,80,6,0,8,0
"752",751,"2015-04-02","2015-04-08",775,14,21,468,80,13,0,20,0
"753",752,"2015-04-09","2015-04-15",774,10,11,464,82,7,2,11,0
"754",753,"2015-04-16","2015-04-22",771,4,7,461,82,3,0,6,0
"755",754,"2015-04-23","2015-04-29",776,17,12,468,80,16,0,9,2
"756",755,"2015-04-30","2015-05-06",773,11,14,468,80,9,1,9,1
"757",756,"2015-05-07","2015-05-13",774,10,9,466,81,7,1,9,0
"758",757,"2015-05-14","2015-05-20",769,19,24,463,81,18,0,21,0
"759",758,"2015-05-21","2015-05-27",777,9,1,470,81,8,0,1,0
"760",759,"2015-05-28","2015-06-03",776,11,12,470,81,9,0,9,0
"761",760,"2015-06-04","2015-06-10",777,9,8,471,81,7,0,6,0
"762",761,"2015-06-11","2015-06-17",781,11,7,475,81,9,1,5,1
"763",762,"2015-06-18","2015-06-24",785,10,6,479,81,10,0,6,0
"764",763,"2015-06-25","2015-07-01",782,4,7,476,81,4,0,7,0
"765",764,"2015-07-02","2015-07-08",790,14,6,483,81,13,0,6,0
"766",765,"2015-07-09","2015-07-15",792,9,7,486,81,8,0,5,0
"767",766,"2015-07-16","2015-07-22",793,14,13,487,81,14,0,13,0
"768",767,"2015-07-23","2015-07-29",798,21,16,492,81,19,0,14,0
"769",768,"2015-07-30","2015-08-05",800,13,11,496,81,11,1,7,1
"770",769,"2015-08-06","2015-08-12",791,13,22,490,83,11,2,17,0
"771",770,"2015-08-13","2015-08-19",797,13,7,492,86,9,3,7,0
"772",771,"2015-08-20","2015-08-26",785,19,31,480,86,16,1,28,1
"773",772,"2015-08-27","2015-09-02",791,23,17,487,85,20,0,13,1
"774",773,"2015-09-03","2015-09-09",782,20,29,482,83,15,2,20,4
"775",774,"2015-09-10","2015-09-16",786,20,16,487,83,16,2,11,2
"776",775,"2015-09-17","2015-09-23",782,8,12,484,84,7,1,10,0
"777",776,"2015-09-24","2015-09-30",778,9,13,483,82,7,0,8,2
"778",777,"2015-10-01","2015-10-07",781,12,9,488,81,11,0,6,1
"779",778,"2015-10-08","2015-10-14",767,12,26,481,78,10,0,17,3
"780",779,"2015-10-15","2015-10-21",771,13,9,483,78,7,0,5,0
"781",780,"2015-10-22","2015-10-28",772,11,10,484,79,8,1,7,0
"782",781,"2015-10-29","2015-11-04",776,10,6,485,80,6,2,5,1
"783",782,"2015-11-05","2015-11-11",772,6,10,484,78,6,0,7,2
"784",783,"2015-11-12","2015-11-18",772,11,11,485,78,10,0,9,0
"785",784,"2015-11-19","2015-11-25",767,9,14,483,78,6,2,8,2
"786",785,"2015-11-26","2015-12-02",768,19,18,483,78,17,1,17,1
"787",786,"2015-12-03","2015-12-09",777,19,10,489,78,15,0,9,0
"788",787,"2015-12-10","2015-12-16",774,13,16,485,78,12,0,16,0
"789",788,"2015-12-17","2015-12-23",777,15,12,488,79,13,1,10,0
"790",789,"2015-12-24","2015-12-30",777,9,9,486,79,4,1,6,1
"791",790,"2015-12-31","2016-01-06",763,7,21,479,74,7,0,14,5
"792",791,"2016-01-07","2016-01-13",744,17,36,461,75,14,1,32,0
"793",792,"2016-01-14","2016-01-20",743,19,20,462,75,17,1,16,1
"794",793,"2016-01-21","2016-01-27",736,11,18,452,76,8,1,18,0
"795",794,"2016-01-28","2016-02-03",729,7,14,450,75,7,0,9,1
"796",795,"2016-02-04","2016-02-10",731,10,8,450,76,7,1,7,0
"797",796,"2016-02-11","2016-02-17",729,7,9,450,75,6,1,6,2
"798",797,"2016-02-18","2016-02-24",691,9,47,421,75,7,1,36,1
"799",798,"2016-02-25","2016-03-02",693,4,2,422,75,3,0,2,0
"800",799,"2016-03-03","2016-03-09",684,13,22,415,75,8,0,15,0
"801",800,"2016-03-10","2016-03-16",689,8,3,421,75,8,0,2,0
"802",801,"2016-03-17","2016-03-23",691,10,8,421,75,7,0,7,0
"803",802,"2016-03-24","2016-03-30",691,12,12,427,75,11,0,5,0
"804",803,"2016-03-31","2016-04-06",689,6,8,427,75,5,0,5,0
"805",804,"2016-04-07","2016-04-13",683,4,10,424,75,4,0,7,0
"806",805,"2016-04-14","2016-04-20",679,15,19,423,76,13,1,14,0
"807",806,"2016-04-21","2016-04-27",684,14,9,429,77,12,1,6,0
"808",807,"2016-04-28","2016-05-04",674,7,17,423,75,5,0,11,2
"809",808,"2016-05-05","2016-05-11",669,7,12,419,75,5,0,9,0
"810",809,"2016-05-12","2016-05-18",669,25,25,418,75,22,0,23,0
"811",810,"2016-05-19","2016-05-25",666,4,7,416,75,4,0,6,0
"812",811,"2016-05-26","2016-06-01",662,4,8,412,75,4,0,8,0
"813",812,"2016-06-02","2016-06-08",664,6,4,412,75,4,0,4,0
"814",813,"2016-06-09","2016-06-15",649,6,21,398,74,5,0,19,1
"815",814,"2016-06-16","2016-06-22",641,8,16,391,75,7,1,14,0
"816",815,"2016-06-23","2016-06-29",642,4,3,392,74,2,0,1,1
"817",816,"2016-06-30","2016-07-06",636,3,9,389,72,3,0,6,2
"818",817,"2016-07-07","2016-07-13",638,7,5,389,72,5,0,5,0
"819",818,"2016-07-14","2016-07-20",642,8,4,391,72,5,0,3,0
"820",819,"2016-07-21","2016-07-27",645,7,4,393,71,5,0,3,1
"821",820,"2016-07-28","2016-08-03",642,3,6,390,72,2,1,5,0
"822",821,"2016-08-04","2016-08-10",644,6,4,392,72,4,0,2,0
"823",822,"2016-08-11","2016-08-17",652,12,4,397,72,9,0,4,0
"824",823,"2016-08-18","2016-08-24",661,16,7,404,72,14,0,7,0
"825",824,"2016-08-25","2016-08-31",654,8,15,398,71,6,0,12,1
"826",825,"2016-09-01","2016-09-07",656,9,7,401,69,8,0,5,2
"827",826,"2016-09-08","2016-09-14",655,4,5,401,69,4,0,4,0
"828",827,"2016-09-15","2016-09-21",658,16,13,404,70,12,2,9,1
"829",828,"2016-09-22","2016-09-28",658,8,8,404,69,7,0,7,1
"830",829,"2016-09-29","2016-10-05",659,4,3,404,69,3,0,3,0
"831",830,"2016-10-06","2016-10-12",662,7,4,408,69,6,0,2,0
"832",831,"2016-10-13","2016-10-19",664,8,6,409,69,6,0,5,0
"833",832,"2016-10-20","2016-10-26",650,4,18,397,69,3,0,15,0
"834",833,"2016-10-27","2016-11-02",624,5,31,383,64,4,0,18,5
"835",834,"2016-11-03","2016-11-09",617,2,9,376,63,1,0,8,1
"836",835,"2016-11-10","2016-11-16",614,7,10,377,63,6,0,5,0
"837",836,"2016-11-17","2016-11-23",612,3,5,375,62,2,0,4,1
"838",837,"2016-11-24","2016-11-30",608,0,4,373,61,0,0,2,1
"839",838,"2016-12-01","2016-12-07",606,7,9,373,60,6,0,6,1
"840",839,"2016-12-08","2016-12-14",607,3,2,374,60,2,0,1,0
"841",840,"2016-12-15","2016-12-21",611,5,1,378,60,5,0,1,0
"842",841,"2016-12-22","2016-12-28",611,3,3,377,60,2,0,3,0
"843",842,"2016-12-29","2017-01-04",617,12,6,382,62,9,3,4,1
"844",843,"2017-01-05","2017-01-11",620,11,8,383,61,8,0,7,1
"845",844,"2017-01-12","2017-01-18",617,10,13,380,60,7,0,10,1
"846",845,"2017-01-19","2017-01-25",618,11,10,380,60,7,0,7,0
"847",846,"2017-01-26","2017-02-01",616,8,10,377,60,6,0,9,0
"848",847,"2017-02-02","2017-02-08",617,6,5,378,61,3,1,2,0
"849",848,"2017-02-09","2017-02-15",615,8,10,378,61,7,0,7,0
"850",849,"2017-02-16","2017-02-22",613,7,9,376,61,4,1,6,1
"851",850,"2017-02-23","2017-03-01",611,2,4,376,60,2,0,2,1
"852",851,"2017-03-02","2017-03-08",612,6,5,377,59,5,0,4,1
"853",852,"2017-03-09","2017-03-15",621,12,3,387,59,12,0,2,0
"854",853,"2017-03-16","2017-03-22",617,2,6,385,60,1,1,3,0
"855",854,"2017-03-23","2017-03-29",622,5,0,390,60,5,0,0,0
"856",855,"2017-03-30","2017-04-05",621,5,6,391,60,5,0,4,0
"857",856,"2017-04-06","2017-04-12",626,11,6,397,60,10,0,4,0
"858",857,"2017-04-13","2017-04-19",585,5,46,373,60,4,1,28,1
"859",858,"2017-04-20","2017-04-26",562,8,31,356,60,7,0,24,0
"860",859,"2017-04-27","2017-05-03",515,20,67,322,56,17,1,51,5
"861",860,"2017-05-04","2017-05-10",516,9,8,324,55,8,0,6,1
"862",861,"2017-05-11","2017-05-17",519,10,7,327,54,8,0,5,1
"863",862,"2017-05-18","2017-05-24",510,16,25,319,55,13,1,21,0
"864",863,"2017-05-25","2017-05-31",500,17,27,318,55,16,0,17,0
"865",864,"2017-06-01","2017-06-07",497,9,12,315,55,7,1,10,1
"866",865,"2017-06-08","2017-06-14",491,6,12,316,53,6,0,5,2
"867",866,"2017-06-15","2017-06-21",492,10,9,319,53,10,0,7,0
"868",867,"2017-06-22","2017-06-28",481,7,18,313,52,5,0,11,1
"869",868,"2017-06-29","2017-07-05",478,7,10,311,53,5,1,7,0
"870",869,"2017-07-06","2017-07-12",475,6,9,310,53,5,1,6,1
"871",870,"2017-07-13","2017-07-19",476,2,1,311,53,2,0,1,0
"872",871,"2017-07-20","2017-07-26",479,9,6,313,53,8,0,6,0
"873",872,"2017-07-27","2017-08-02",472,5,12,306,54,4,1,11,0
"874",873,"2017-08-03","2017-08-09",466,7,13,301,54,5,0,10,0
"875",874,"2017-08-10","2017-08-16",458,6,14,295,53,6,0,12,1
"876",875,"2017-08-17","2017-08-23",446,5,17,288,53,5,0,12,0
"877",876,"2017-08-24","2017-08-30",444,6,8,285,54,4,1,7,0
"878",877,"2017-08-31","2017-09-06",445,8,7,285,55,5,1,5,0
"879",878,"2017-09-07","2017-09-13",446,5,4,285,55,4,0,4,0
"880",879,"2017-09-14","2017-09-20",447,7,6,285,55,5,0,5,0
"881",880,"2017-09-21","2017-09-27",445,5,7,285,54,5,0,5,1
"882",881,"2017-09-28","2017-10-04",448,4,1,287,55,3,1,1,0
"883",882,"2017-10-05","2017-10-11",433,7,22,276,54,5,1,16,2
"884",883,"2017-10-12","2017-10-18",433,7,7,278,54,7,0,5,0
"885",884,"2017-10-19","2017-10-25",430,6,9,275,54,6,0,9,0
"886",885,"2017-10-26","2017-11-01",422,8,16,273,55,7,1,9,0
"887",886,"2017-11-02","2017-11-08",418,9,13,272,54,8,0,9,1
"888",887,"2017-11-09","2017-11-15",416,2,4,270,54,2,0,4,0
"889",888,"2017-11-16","2017-11-22",415,5,6,268,54,4,0,6,0
"890",889,"2017-11-23","2017-11-29",417,3,1,271,54,3,0,0,0
"891",890,"2017-11-30","2017-12-06",413,3,7,269,53,3,0,5,1
"892",891,"2017-12-07","2017-12-13",408,7,12,266,53,6,1,9,1
"893",892,"2017-12-14","2017-12-20",383,7,32,257,44,5,0,14,9
"894",893,"2017-12-21","2017-12-27",387,8,4,260,45,7,1,4,0
"895",894,"2017-12-28","2018-01-03",373,10,24,246,44,7,0,21,1
"896",895,"2018-01-04","2018-01-10",365,4,12,242,44,4,0,8,0
"897",896,"2018-01-11","2018-01-17",355,5,15,234,43,5,0,13,1
"898",897,"2018-01-18","2018-01-24",353,10,12,232,43,10,0,12,0
"899",898,"2018-01-25","2018-01-31",350,13,16,230,43,12,1,14,1
"900",899,"2018-02-01","2018-02-07",359,12,3,239,43,12,0,3,0
"901",900,"2018-02-08","2018-02-14",357,10,12,237,42,9,0,11,1
"902",901,"2018-02-15","2018-02-21",352,10,15,235,40,8,0,10,2
"903",902,"2018-02-22","2018-02-28",347,8,13,232,39,8,0,11,1
"904",903,"2018-03-01","2018-03-07",349,4,2,234,39,3,0,1,0
"905",904,"2018-03-08","2018-03-14",347,5,7,232,39,5,0,7,0
"906",905,"2018-03-15","2018-03-21",346,10,11,232,39,8,2,8,2
"907",906,"2018-03-22","2018-03-28",344,9,11,233,38,7,1,6,2
"908",907,"2018-03-29","2018-04-04",341,4,7,231,38,4,0,6,0
"909",908,"2018-04-05","2018-04-11",341,8,8,229,39,6,1,8,0
"910",909,"2018-04-12","2018-04-18",336,8,13,226,38,7,1,10,2
"911",910,"2018-04-19","2018-04-25",328,3,11,217,38,1,0,10,0
"912",911,"2018-04-26","2018-05-02",330,11,9,217,38,9,0,9,0
"913",912,"2018-05-03","2018-05-09",325,9,14,214,38,8,0,11,0
"914",913,"2018-05-10","2018-05-16",323,2,4,215,37,2,0,1,1
"915",914,"2018-05-17","2018-05-23",328,5,0,220,37,5,0,0,0
"916",915,"2018-05-24","2018-05-30",329,4,3,222,37,4,0,2,0
"917",916,"2018-05-31","2018-06-06",334,5,0,225,37,3,0,0,0
"918",917,"2018-06-07","2018-06-13",335,4,3,227,36,3,0,1,1
"919",918,"2018-06-14","2018-06-20",335,10,10,228,37,9,1,8,0
"920",919,"2018-06-21","2018-06-27",337,11,9,228,37,9,0,9,0
"921",920,"2018-06-28","2018-07-04",326,5,16,218,36,5,0,15,1
"922",921,"2018-07-05","2018-07-11",332,12,6,220,36,8,0,6,0
"923",922,"2018-07-12","2018-07-18",321,10,21,212,35,7,0,15,1
"924",923,"2018-07-19","2018-07-25",329,12,4,220,35,12,0,4,0
"925",924,"2018-07-26","2018-08-01",324,17,22,218,35,15,0,17,0
"926",925,"2018-08-02","2018-08-08",317,36,43,214,32,31,1,35,4
"927",926,"2018-08-09","2018-08-15",312,14,19,213,31,12,0,13,1
"928",927,"2018-08-16","2018-08-22",319,19,12,221,30,18,0,10,1
"929",928,"2018-08-23","2018-08-29",311,9,17,219,28,8,1,10,3
"930",929,"2018-08-30","2018-09-05",297,7,21,208,28,7,0,18,0
"931",930,"2018-09-06","2018-09-12",281,12,28,198,23,12,0,22,5
"932",931,"2018-09-13","2018-09-19",245,10,46,172,21,9,0,35,2
"933",932,"2018-09-20","2018-09-26",224,11,32,159,16,8,1,21,6
"934",933,"2018-09-27","2018-10-03",215,13,22,153,15,10,1,16,2
"935",934,"2018-10-04","2018-10-10",207,11,19,148,13,9,1,14,3
"936",935,"2018-10-11","2018-10-17",203,15,19,147,13,15,0,16,0
"937",936,"2018-10-18","2018-10-24",191,9,21,137,12,8,1,18,2
"938",937,"2018-10-25","2018-10-31",185,17,23,138,12,16,1,15,1
"939",938,"2018-11-01","2018-11-07",173,10,22,129,11,8,0,17,1
"940",939,"2018-11-08","2018-11-14",164,12,21,122,11,12,0,19,0
"941",940,"2018-11-15","2018-11-21",148,9,25,109,11,8,1,21,1
"942",941,"2018-11-22","2018-11-28",138,9,19,101,11,7,1,15,1
"943",942,"2018-11-29","2018-12-05",136,15,17,101,10,14,0,14,1
"944",943,"2018-12-06","2018-12-12",145,18,9,113,7,16,2,4,5
"945",944,"2018-12-13","2018-12-19",136,3,12,106,7,3,0,10,0
"946",945,"2018-12-20","2018-12-26",140,14,10,112,8,12,1,6,0
"947",946,"2018-12-27","2019-01-02",122,4,22,97,6,4,0,19,2
