,number,from_date,to_date,backlog_all,inflow_all,outflow_all,backlog_normal,inflow_normal,outflow_normal,backlog_major,inflow_major,outflow_major
2001-10-15/2001-10-21,0,2001-10-15 00:00:00.000000000,2001-10-21 23:59:59.999999999,74,0,0,68,0,0,0,0,0
2001-10-22/2001-10-28,1,2001-10-22 00:00:00.000000000,2001-10-28 23:59:59.999999999,80,6,0,70,2,0,1,1,0
2001-10-29/2001-11-04,2,2001-10-29 00:00:00.000000000,2001-11-04 23:59:59.999999999,86,6,0,72,2,0,1,0,0
2001-11-05/2001-11-11,3,2001-11-05 00:00:00.000000000,2001-11-11 23:59:59.999999999,113,27,0,84,12,0,2,1,0
2001-11-12/2001-11-18,4,2001-11-12 00:00:00.000000000,2001-11-18 23:59:59.999999999,117,4,0,88,4,0,2,0,0
2001-11-19/2001-11-25,5,2001-11-19 00:00:00.000000000,2001-11-25 23:59:59.999999999,122,6,1,92,5,1,2,0,0
2001-11-26/2001-12-02,6,2001-11-26 00:00:00.000000000,2001-12-02 23:59:59.999999999,96,4,30,66,2,28,3,1,0
2001-12-03/2001-12-09,7,2001-12-03 00:00:00.000000000,2001-12-09 23:59:59.999999999,102,11,5,71,10,5,3,0,0
2001-12-10/2001-12-16,8,2001-12-10 00:00:00.000000000,2001-12-16 23:59:59.999999999,110,8,0,76,5,0,3,0,0
2001-12-17/2001-12-23,9,2001-12-17 00:00:00.000000000,2001-12-23 23:59:59.999999999,112,2,0,76,0,0,3,0,0
2001-12-24/2001-12-30,10,2001-12-24 00:00:00.000000000,2001-12-30 23:59:59.999999999,114,2,0,78,2,0,3,0,0
2001-12-31/2002-01-06,11,2001-12-31 00:00:00.000000000,2002-01-06 23:59:59.999999999,117,4,1,81,4,1,3,0,0
2002-01-07/2002-01-13,12,2002-01-07 00:00:00.000000000,2002-01-13 23:59:59.999999999,118,3,2,82,3,2,3,0,0
2002-01-14/2002-01-20,13,2002-01-14 00:00:00.000000000,2002-01-20 23:59:59.999999999,121,4,1,84,3,1,3,0,0
2002-01-21/2002-01-27,14,2002-01-21 00:00:00.000000000,2002-01-27 23:59:59.999999999,128,17,10,87,11,8,4,2,1
2002-01-28/2002-02-03,15,2002-01-28 00:00:00.000000000,2002-02-03 23:59:59.999999999,127,12,13,88,11,10,4,0,0
2002-02-04/2002-02-10,16,2002-02-04 00:00:00.000000000,2002-02-10 23:59:59.999999999,135,19,11,91,14,11,7,3,0
2002-02-11/2002-02-17,17,2002-02-11 00:00:00.000000000,2002-02-17 23:59:59.999999999,137,27,25,89,17,19,9,6,4
2002-02-18/2002-02-24,18,2002-02-18 00:00:00.000000000,2002-02-24 23:59:59.999999999,140,8,5,91,6,4,9,1,1
2002-02-25/2002-03-03,19,2002-02-25 00:00:00.000000000,2002-03-03 23:59:59.999999999,141,27,26,89,15,17,9,3,3
2002-03-04/2002-03-10,20,2002-03-04 00:00:00.000000000,2002-03-10 23:59:59.999999999,131,15,25,83,11,17,9,1,1
2002-03-11/2002-03-17,21,2002-03-11 00:00:00.000000000,2002-03-17 23:59:59.999999999,112,25,44,72,22,33,9,2,2
2002-03-18/2002-03-24,22,2002-03-18 00:00:00.000000000,2002-03-24 23:59:59.999999999,101,37,48,65,32,39,8,1,2
2002-03-25/2002-03-31,23,2002-03-25 00:00:00.000000000,2002-03-31 23:59:59.999999999,102,14,13,66,13,12,8,0,0
2002-04-01/2002-04-07,24,2002-04-01 00:00:00.000000000,2002-04-07 23:59:59.999999999,112,34,24,78,27,15,6,1,3
2002-04-08/2002-04-14,25,2002-04-08 00:00:00.000000000,2002-04-14 23:59:59.999999999,143,45,14,105,38,11,8,4,2
2002-04-15/2002-04-21,26,2002-04-15 00:00:00.000000000,2002-04-21 23:59:59.999999999,129,38,52,96,36,45,6,0,2
2002-04-22/2002-04-28,27,2002-04-22 00:00:00.000000000,2002-04-28 23:59:59.999999999,141,24,12,103,19,12,7,1,0
2002-04-29/2002-05-05,28,2002-04-29 00:00:00.000000000,2002-05-05 23:59:59.999999999,143,33,31,103,28,28,7,1,1
2002-05-06/2002-05-12,29,2002-05-06 00:00:00.000000000,2002-05-12 23:59:59.999999999,129,23,37,98,18,23,7,3,3
2002-05-13/2002-05-19,30,2002-05-13 00:00:00.000000000,2002-05-19 23:59:59.999999999,135,31,25,101,25,22,6,2,3
2002-05-20/2002-05-26,31,2002-05-20 00:00:00.000000000,2002-05-26 23:59:59.999999999,184,114,65,141,90,50,12,11,5
2002-05-27/2002-06-02,32,2002-05-27 00:00:00.000000000,2002-06-02 23:59:59.999999999,172,42,54,135,33,39,10,3,5
2002-06-03/2002-06-09,33,2002-06-03 00:00:00.000000000,2002-06-09 23:59:59.999999999,173,50,49,136,37,36,9,4,5
2002-06-10/2002-06-16,34,2002-06-10 00:00:00.000000000,2002-06-16 23:59:59.999999999,211,65,27,168,52,20,12,5,2
2002-06-17/2002-06-23,35,2002-06-17 00:00:00.000000000,2002-06-23 23:59:59.999999999,204,27,34,156,18,30,16,5,1
2002-06-24/2002-06-30,36,2002-06-24 00:00:00.000000000,2002-06-30 23:59:59.999999999,212,19,11,162,14,8,18,3,1
2002-07-01/2002-07-07,37,2002-07-01 00:00:00.000000000,2002-07-07 23:59:59.999999999,219,8,1,168,7,1,18,0,0
2002-07-08/2002-07-14,38,2002-07-08 00:00:00.000000000,2002-07-14 23:59:59.999999999,209,7,17,158,6,16,18,0,0
2002-07-15/2002-07-21,39,2002-07-15 00:00:00.000000000,2002-07-21 23:59:59.999999999,187,7,29,141,6,23,14,0,4
2002-07-22/2002-07-28,40,2002-07-22 00:00:00.000000000,2002-07-28 23:59:59.999999999,193,11,5,141,4,4,13,0,1
2002-07-29/2002-08-04,41,2002-07-29 00:00:00.000000000,2002-08-04 23:59:59.999999999,196,3,0,143,2,0,13,0,0
2002-08-05/2002-08-11,42,2002-08-05 00:00:00.000000000,2002-08-11 23:59:59.999999999,196,17,17,141,15,17,15,2,0
2002-08-12/2002-08-18,43,2002-08-12 00:00:00.000000000,2002-08-18 23:59:59.999999999,190,5,11,136,5,10,15,0,0
2002-08-19/2002-08-25,44,2002-08-19 00:00:00.000000000,2002-08-25 23:59:59.999999999,190,6,6,138,4,2,12,0,3
2002-08-26/2002-09-01,45,2002-08-26 00:00:00.000000000,2002-09-01 23:59:59.999999999,193,9,6,139,7,6,12,0,0
2002-09-02/2002-09-08,46,2002-09-02 00:00:00.000000000,2002-09-08 23:59:59.999999999,202,11,2,144,7,2,13,1,0
2002-09-09/2002-09-15,47,2002-09-09 00:00:00.000000000,2002-09-15 23:59:59.999999999,208,11,5,149,7,2,12,1,2
2002-09-16/2002-09-22,48,2002-09-16 00:00:00.000000000,2002-09-22 23:59:59.999999999,205,17,20,147,14,16,11,1,2
2002-09-23/2002-09-29,49,2002-09-23 00:00:00.000000000,2002-09-29 23:59:59.999999999,213,11,3,155,9,1,10,0,1
2002-09-30/2002-10-06,50,2002-09-30 00:00:00.000000000,2002-10-06 23:59:59.999999999,187,5,31,131,4,28,9,1,2
2002-10-07/2002-10-13,51,2002-10-07 00:00:00.000000000,2002-10-13 23:59:59.999999999,185,9,11,128,6,9,9,1,1
2002-10-14/2002-10-20,52,2002-10-14 00:00:00.000000000,2002-10-20 23:59:59.999999999,189,19,15,128,11,11,11,4,2
2002-10-21/2002-10-27,53,2002-10-21 00:00:00.000000000,2002-10-27 23:59:59.999999999,199,16,6,136,12,4,12,1,0
2002-10-28/2002-11-03,54,2002-10-28 00:00:00.000000000,2002-11-03 23:59:59.999999999,199,8,8,135,3,4,13,4,3
2002-11-04/2002-11-10,55,2002-11-04 00:00:00.000000000,2002-11-10 23:59:59.999999999,212,14,1,143,9,1,15,2,0
2002-11-11/2002-11-17,56,2002-11-11 00:00:00.000000000,2002-11-17 23:59:59.999999999,209,42,45,139,27,31,14,7,8
2002-11-18/2002-11-24,57,2002-11-18 00:00:00.000000000,2002-11-24 23:59:59.999999999,232,27,4,161,24,2,14,0,0
2002-11-25/2002-12-01,58,2002-11-25 00:00:00.000000000,2002-12-01 23:59:59.999999999,243,22,11,167,14,8,14,1,1
2002-12-02/2002-12-08,59,2002-12-02 00:00:00.000000000,2002-12-08 23:59:59.999999999,244,29,28,165,20,22,14,1,1
2002-12-09/2002-12-15,60,2002-12-09 00:00:00.000000000,2002-12-15 23:59:59.999999999,251,21,14,170,15,10,16,3,1
2002-12-16/2002-12-22,61,2002-12-16 00:00:00.000000000,2002-12-22 23:59:59.999999999,265,21,7,180,14,4,19,3,0
2002-12-23/2002-12-29,62,2002-12-23 00:00:00.000000000,2002-12-29 23:59:59.999999999,267,2,0,180,0,0,19,0,0
2002-12-30/2003-01-05,63,2002-12-30 00:00:00.000000000,2003-01-05 23:59:59.999999999,269,2,0,180,0,0,20,1,0
2003-01-06/2003-01-12,64,2003-01-06 00:00:00.000000000,2003-01-12 23:59:59.999999999,282,32,19,189,23,14,20,0,0
2003-01-13/2003-01-19,65,2003-01-13 00:00:00.000000000,2003-01-19 23:59:59.999999999,270,24,36,177,13,25,20,5,5
2003-01-20/2003-01-26,66,2003-01-20 00:00:00.000000000,2003-01-26 23:59:59.999999999,235,35,70,148,21,50,19,3,4
2003-01-27/2003-02-02,67,2003-01-27 00:00:00.000000000,2003-02-02 23:59:59.999999999,241,41,35,157,35,26,18,3,4
2003-02-03/2003-02-09,68,2003-02-03 00:00:00.000000000,2003-02-09 23:59:59.999999999,253,34,22,164,24,17,24,8,2
2003-02-10/2003-02-16,69,2003-02-10 00:00:00.000000000,2003-02-16 23:59:59.999999999,237,13,29,156,11,19,20,0,4
2003-02-17/2003-02-23,70,2003-02-17 00:00:00.000000000,2003-02-23 23:59:59.999999999,252,46,31,170,36,22,22,6,4
2003-02-24/2003-03-02,71,2003-02-24 00:00:00.000000000,2003-03-02 23:59:59.999999999,275,75,52,190,63,43,23,4,3
2003-03-03/2003-03-09,72,2003-03-03 00:00:00.000000000,2003-03-09 23:59:59.999999999,262,41,54,177,26,39,23,5,5
2003-03-10/2003-03-16,73,2003-03-10 00:00:00.000000000,2003-03-16 23:59:59.999999999,292,72,42,200,49,26,23,5,5
2003-03-17/2003-03-23,74,2003-03-17 00:00:00.000000000,2003-03-23 23:59:59.999999999,319,48,21,216,29,13,24,3,2
2003-03-24/2003-03-30,75,2003-03-24 00:00:00.000000000,2003-03-30 23:59:59.999999999,332,23,10,225,15,6,26,4,2
2003-03-31/2003-04-06,76,2003-03-31 00:00:00.000000000,2003-04-06 23:59:59.999999999,338,8,2,228,5,2,27,1,0
2003-04-07/2003-04-13,77,2003-04-07 00:00:00.000000000,2003-04-13 23:59:59.999999999,342,10,6,231,7,4,28,2,1
2003-04-14/2003-04-20,78,2003-04-14 00:00:00.000000000,2003-04-20 23:59:59.999999999,350,8,0,236,5,0,28,0,0
2003-04-21/2003-04-27,79,2003-04-21 00:00:00.000000000,2003-04-27 23:59:59.999999999,358,10,2,240,5,1,27,0,1
2003-04-28/2003-05-04,80,2003-04-28 00:00:00.000000000,2003-05-04 23:59:59.999999999,367,9,0,247,7,0,27,0,0
2003-05-05/2003-05-11,81,2003-05-05 00:00:00.000000000,2003-05-11 23:59:59.999999999,375,9,1,253,7,1,27,0,0
2003-05-12/2003-05-18,82,2003-05-12 00:00:00.000000000,2003-05-18 23:59:59.999999999,345,10,40,225,2,30,25,1,3
2003-05-19/2003-05-25,83,2003-05-19 00:00:00.000000000,2003-05-25 23:59:59.999999999,351,7,1,228,3,0,26,1,0
2003-05-26/2003-06-01,84,2003-05-26 00:00:00.000000000,2003-06-01 23:59:59.999999999,358,14,7,228,7,7,27,1,0
2003-06-02/2003-06-08,85,2003-06-02 00:00:00.000000000,2003-06-08 23:59:59.999999999,341,17,34,213,13,28,27,1,1
2003-06-09/2003-06-15,86,2003-06-09 00:00:00.000000000,2003-06-15 23:59:59.999999999,333,16,24,209,11,15,25,1,3
2003-06-16/2003-06-22,87,2003-06-16 00:00:00.000000000,2003-06-22 23:59:59.999999999,310,9,32,196,3,16,19,1,7
2003-06-23/2003-06-29,88,2003-06-23 00:00:00.000000000,2003-06-29 23:59:59.999999999,313,19,16,195,12,13,21,3,1
2003-06-30/2003-07-06,89,2003-06-30 00:00:00.000000000,2003-07-06 23:59:59.999999999,318,9,4,197,4,2,23,3,1
2003-07-07/2003-07-13,90,2003-07-07 00:00:00.000000000,2003-07-13 23:59:59.999999999,320,10,8,200,7,4,22,2,3
2003-07-14/2003-07-20,91,2003-07-14 00:00:00.000000000,2003-07-20 23:59:59.999999999,306,8,22,193,7,14,20,0,2
2003-07-21/2003-07-27,92,2003-07-21 00:00:00.000000000,2003-07-27 23:59:59.999999999,313,7,0,197,4,0,22,2,0
2003-07-28/2003-08-03,93,2003-07-28 00:00:00.000000000,2003-08-03 23:59:59.999999999,314,3,2,197,2,2,22,0,0
2003-08-04/2003-08-10,94,2003-08-04 00:00:00.000000000,2003-08-10 23:59:59.999999999,312,10,12,195,9,11,21,0,1
2003-08-11/2003-08-17,95,2003-08-11 00:00:00.000000000,2003-08-17 23:59:59.999999999,302,6,16,186,2,11,20,2,3
2003-08-18/2003-08-24,96,2003-08-18 00:00:00.000000000,2003-08-24 23:59:59.999999999,308,14,8,188,8,6,20,1,1
2003-08-25/2003-08-31,97,2003-08-25 00:00:00.000000000,2003-08-31 23:59:59.999999999,321,19,6,197,14,5,21,1,0
2003-09-01/2003-09-07,98,2003-09-01 00:00:00.000000000,2003-09-07 23:59:59.999999999,338,21,4,209,14,2,24,3,0
2003-09-08/2003-09-14,99,2003-09-08 00:00:00.000000000,2003-09-14 23:59:59.999999999,343,18,13,211,13,11,23,1,2
2003-09-15/2003-09-21,100,2003-09-15 00:00:00.000000000,2003-09-21 23:59:59.999999999,346,13,10,212,10,9,23,0,0
2003-09-22/2003-09-28,101,2003-09-22 00:00:00.000000000,2003-09-28 23:59:59.999999999,361,19,4,222,13,3,25,2,0
2003-09-29/2003-10-05,102,2003-09-29 00:00:00.000000000,2003-10-05 23:59:59.999999999,363,12,10,221,7,8,28,3,0
2003-10-06/2003-10-12,103,2003-10-06 00:00:00.000000000,2003-10-12 23:59:59.999999999,353,18,28,212,10,19,30,5,3
2003-10-13/2003-10-19,104,2003-10-13 00:00:00.000000000,2003-10-19 23:59:59.999999999,351,15,17,212,11,11,30,3,3
2003-10-20/2003-10-26,105,2003-10-20 00:00:00.000000000,2003-10-26 23:59:59.999999999,345,11,17,210,6,8,31,2,1
2003-10-27/2003-11-02,106,2003-10-27 00:00:00.000000000,2003-11-02 23:59:59.999999999,366,41,20,220,24,14,35,4,0
2003-11-03/2003-11-09,107,2003-11-03 00:00:00.000000000,2003-11-09 23:59:59.999999999,367,21,20,223,14,11,33,2,4
2003-11-10/2003-11-16,108,2003-11-10 00:00:00.000000000,2003-11-16 23:59:59.999999999,364,21,24,221,17,19,33,2,2
2003-11-17/2003-11-23,109,2003-11-17 00:00:00.000000000,2003-11-23 23:59:59.999999999,374,33,23,224,19,16,34,4,3
2003-11-24/2003-11-30,110,2003-11-24 00:00:00.000000000,2003-11-30 23:59:59.999999999,375,21,20,226,17,15,37,3,0
2003-12-01/2003-12-07,111,2003-12-01 00:00:00.000000000,2003-12-07 23:59:59.999999999,391,26,10,235,17,8,39,3,1
2003-12-08/2003-12-14,112,2003-12-08 00:00:00.000000000,2003-12-14 23:59:59.999999999,374,16,33,223,11,23,38,3,4
2003-12-15/2003-12-21,113,2003-12-15 00:00:00.000000000,2003-12-21 23:59:59.999999999,375,27,26,226,19,16,35,2,5
2003-12-22/2003-12-28,114,2003-12-22 00:00:00.000000000,2003-12-28 23:59:59.999999999,379,5,1,230,4,0,35,1,1
2003-12-29/2004-01-04,115,2003-12-29 00:00:00.000000000,2004-01-04 23:59:59.999999999,381,4,2,232,3,1,34,0,1
2004-01-05/2004-01-11,116,2004-01-05 00:00:00.000000000,2004-01-11 23:59:59.999999999,382,15,14,228,8,12,36,2,0
2004-01-12/2004-01-18,117,2004-01-12 00:00:00.000000000,2004-01-18 23:59:59.999999999,388,14,8,234,9,3,39,4,1
2004-01-19/2004-01-25,118,2004-01-19 00:00:00.000000000,2004-01-25 23:59:59.999999999,393,18,13,237,14,11,38,1,2
2004-01-26/2004-02-01,119,2004-01-26 00:00:00.000000000,2004-02-01 23:59:59.999999999,399,28,22,240,15,12,37,1,2
2004-02-02/2004-02-08,120,2004-02-02 00:00:00.000000000,2004-02-08 23:59:59.999999999,407,12,4,245,9,4,39,2,0
2004-02-09/2004-02-15,121,2004-02-09 00:00:00.000000000,2004-02-15 23:59:59.999999999,413,36,30,249,23,19,41,6,4
2004-02-16/2004-02-22,122,2004-02-16 00:00:00.000000000,2004-02-22 23:59:59.999999999,432,34,15,264,27,12,41,1,1
2004-02-23/2004-02-29,123,2004-02-23 00:00:00.000000000,2004-02-29 23:59:59.999999999,419,29,42,256,19,27,40,4,5
2004-03-01/2004-03-07,124,2004-03-01 00:00:00.000000000,2004-03-07 23:59:59.999999999,432,33,20,264,21,13,40,2,2
2004-03-08/2004-03-14,125,2004-03-08 00:00:00.000000000,2004-03-14 23:59:59.999999999,440,35,27,270,30,24,40,1,1
2004-03-15/2004-03-21,126,2004-03-15 00:00:00.000000000,2004-03-21 23:59:59.999999999,437,26,29,271,18,17,35,2,7
2004-03-22/2004-03-28,127,2004-03-22 00:00:00.000000000,2004-03-28 23:59:59.999999999,447,54,44,282,41,30,35,5,5
2004-03-29/2004-04-04,128,2004-03-29 00:00:00.000000000,2004-04-04 23:59:59.999999999,467,45,25,291,32,23,40,5,0
2004-04-05/2004-04-11,129,2004-04-05 00:00:00.000000000,2004-04-11 23:59:59.999999999,469,34,32,289,25,27,41,3,2
2004-04-12/2004-04-18,130,2004-04-12 00:00:00.000000000,2004-04-18 23:59:59.999999999,448,44,65,276,33,46,43,7,5
2004-04-19/2004-04-25,131,2004-04-19 00:00:00.000000000,2004-04-25 23:59:59.999999999,462,50,36,293,38,21,36,3,10
2004-04-26/2004-05-02,132,2004-04-26 00:00:00.000000000,2004-05-02 23:59:59.999999999,488,58,32,313,44,24,37,4,3
2004-05-03/2004-05-09,133,2004-05-03 00:00:00.000000000,2004-05-09 23:59:59.999999999,457,59,90,290,43,66,33,8,12
2004-05-10/2004-05-16,134,2004-05-10 00:00:00.000000000,2004-05-16 23:59:59.999999999,490,83,50,318,62,34,36,8,5
2004-05-17/2004-05-23,135,2004-05-17 00:00:00.000000000,2004-05-23 23:59:59.999999999,455,66,101,291,51,78,32,9,13
2004-05-24/2004-05-30,136,2004-05-24 00:00:00.000000000,2004-05-30 23:59:59.999999999,441,54,68,275,36,52,28,5,9
2004-05-31/2004-06-06,137,2004-05-31 00:00:00.000000000,2004-06-06 23:59:59.999999999,461,68,48,299,56,32,30,5,3
2004-06-07/2004-06-13,138,2004-06-07 00:00:00.000000000,2004-06-13 23:59:59.999999999,442,58,77,285,48,62,31,4,3
2004-06-14/2004-06-20,139,2004-06-14 00:00:00.000000000,2004-06-20 23:59:59.999999999,424,58,76,271,46,60,27,3,7
2004-06-21/2004-06-27,140,2004-06-21 00:00:00.000000000,2004-06-27 23:59:59.999999999,440,37,21,281,26,16,29,4,2
2004-06-28/2004-07-04,141,2004-06-28 00:00:00.000000000,2004-07-04 23:59:59.999999999,451,12,1,287,7,1,32,3,0
2004-07-05/2004-07-11,142,2004-07-05 00:00:00.000000000,2004-07-11 23:59:59.999999999,452,6,5,287,2,2,32,3,3
2004-07-12/2004-07-18,143,2004-07-12 00:00:00.000000000,2004-07-18 23:59:59.999999999,454,18,16,287,10,10,33,5,4
2004-07-19/2004-07-25,144,2004-07-19 00:00:00.000000000,2004-07-25 23:59:59.999999999,463,19,10,298,15,4,31,2,4
2004-07-26/2004-08-01,145,2004-07-26 00:00:00.000000000,2004-08-01 23:59:59.999999999,473,14,4,307,10,1,31,2,2
2004-08-02/2004-08-08,146,2004-08-02 00:00:00.000000000,2004-08-08 23:59:59.999999999,477,4,0,311,4,0,31,0,0
2004-08-09/2004-08-15,147,2004-08-09 00:00:00.000000000,2004-08-15 23:59:59.999999999,471,11,17,304,8,15,31,0,0
2004-08-16/2004-08-22,148,2004-08-16 00:00:00.000000000,2004-08-22 23:59:59.999999999,475,14,10,304,7,7,32,1,0
2004-08-23/2004-08-29,149,2004-08-23 00:00:00.000000000,2004-08-29 23:59:59.999999999,483,14,6,310,11,5,32,0,0
2004-08-30/2004-09-05,150,2004-08-30 00:00:00.000000000,2004-09-05 23:59:59.999999999,482,15,16,309,7,8,32,2,2
2004-09-06/2004-09-12,151,2004-09-06 00:00:00.000000000,2004-09-12 23:59:59.999999999,485,7,4,311,5,3,32,0,0
2004-09-13/2004-09-19,152,2004-09-13 00:00:00.000000000,2004-09-19 23:59:59.999999999,472,10,23,302,8,17,33,1,0
2004-09-20/2004-09-26,153,2004-09-20 00:00:00.000000000,2004-09-26 23:59:59.999999999,475,17,14,304,9,7,33,3,3
2004-09-27/2004-10-03,154,2004-09-27 00:00:00.000000000,2004-10-03 23:59:59.999999999,483,20,12,308,13,9,34,2,1
2004-10-04/2004-10-10,155,2004-10-04 00:00:00.000000000,2004-10-10 23:59:59.999999999,489,14,8,311,9,6,34,0,0
2004-10-11/2004-10-17,156,2004-10-11 00:00:00.000000000,2004-10-17 23:59:59.999999999,493,15,11,316,13,8,34,0,0
2004-10-18/2004-10-24,157,2004-10-18 00:00:00.000000000,2004-10-24 23:59:59.999999999,491,8,10,318,7,5,34,1,1
2004-10-25/2004-10-31,158,2004-10-25 00:00:00.000000000,2004-10-31 23:59:59.999999999,490,17,18,315,10,13,35,1,0
2004-11-01/2004-11-07,159,2004-11-01 00:00:00.000000000,2004-11-07 23:59:59.999999999,478,8,20,304,7,18,35,0,0
2004-11-08/2004-11-14,160,2004-11-08 00:00:00.000000000,2004-11-14 23:59:59.999999999,488,21,11,311,16,9,35,1,1
2004-11-15/2004-11-21,161,2004-11-15 00:00:00.000000000,2004-11-21 23:59:59.999999999,499,19,8,318,13,6,36,1,0
2004-11-22/2004-11-28,162,2004-11-22 00:00:00.000000000,2004-11-28 23:59:59.999999999,508,27,18,325,21,14,37,1,0
2004-11-29/2004-12-05,163,2004-11-29 00:00:00.000000000,2004-12-05 23:59:59.999999999,510,20,18,323,11,13,37,3,3
2004-12-06/2004-12-12,164,2004-12-06 00:00:00.000000000,2004-12-12 23:59:59.999999999,505,10,15,318,7,12,36,1,2
2004-12-13/2004-12-19,165,2004-12-13 00:00:00.000000000,2004-12-19 23:59:59.999999999,507,26,24,320,21,19,37,4,3
2004-12-20/2004-12-26,166,2004-12-20 00:00:00.000000000,2004-12-26 23:59:59.999999999,504,9,12,316,6,10,35,0,2
2004-12-27/2005-01-02,167,2004-12-27 00:00:00.000000000,2005-01-02 23:59:59.999999999,515,11,0,324,8,0,37,2,0
2005-01-03/2005-01-09,168,2005-01-03 00:00:00.000000000,2005-01-09 23:59:59.999999999,515,17,17,325,10,9,35,4,6
2005-01-10/2005-01-16,169,2005-01-10 00:00:00.000000000,2005-01-16 23:59:59.999999999,523,17,9,337,15,3,33,1,3
2005-01-17/2005-01-23,170,2005-01-17 00:00:00.000000000,2005-01-23 23:59:59.999999999,523,19,19,333,14,18,35,2,0
2005-01-24/2005-01-30,171,2005-01-24 00:00:00.000000000,2005-01-30 23:59:59.999999999,525,20,18,337,18,14,35,0,0
2005-01-31/2005-02-06,172,2005-01-31 00:00:00.000000000,2005-02-06 23:59:59.999999999,523,27,29,336,21,22,36,1,0
2005-02-07/2005-02-13,173,2005-02-07 00:00:00.000000000,2005-02-13 23:59:59.999999999,519,30,34,333,25,28,34,1,3
2005-02-14/2005-02-20,174,2005-02-14 00:00:00.000000000,2005-02-20 23:59:59.999999999,533,53,39,344,41,30,34,2,2
2005-02-21/2005-02-27,175,2005-02-21 00:00:00.000000000,2005-02-27 23:59:59.999999999,549,36,20,356,29,17,35,3,2
2005-02-28/2005-03-06,176,2005-02-28 00:00:00.000000000,2005-03-06 23:59:59.999999999,542,13,20,352,11,15,33,0,2
2005-03-07/2005-03-13,177,2005-03-07 00:00:00.000000000,2005-03-13 23:59:59.999999999,557,43,28,365,34,21,33,2,2
2005-03-14/2005-03-20,178,2005-03-14 00:00:00.000000000,2005-03-20 23:59:59.999999999,574,52,35,380,45,30,35,3,1
2005-03-21/2005-03-27,179,2005-03-21 00:00:00.000000000,2005-03-27 23:59:59.999999999,587,32,19,389,25,16,35,3,3
2005-03-28/2005-04-03,180,2005-03-28 00:00:00.000000000,2005-04-03 23:59:59.999999999,584,73,76,387,56,58,33,4,6
2005-04-04/2005-04-10,181,2005-04-04 00:00:00.000000000,2005-04-10 23:59:59.999999999,599,31,16,400,24,11,34,2,1
2005-04-11/2005-04-17,182,2005-04-11 00:00:00.000000000,2005-04-17 23:59:59.999999999,614,45,30,415,38,23,33,2,3
2005-04-18/2005-04-24,183,2005-04-18 00:00:00.000000000,2005-04-24 23:59:59.999999999,641,46,19,441,42,16,33,1,1
2005-04-25/2005-05-01,184,2005-04-25 00:00:00.000000000,2005-05-01 23:59:59.999999999,621,29,49,422,22,41,33,2,2
2005-05-02/2005-05-08,185,2005-05-02 00:00:00.000000000,2005-05-08 23:59:59.999999999,621,29,29,420,22,24,33,1,1
2005-05-09/2005-05-15,186,2005-05-09 00:00:00.000000000,2005-05-15 23:59:59.999999999,643,79,57,437,64,47,34,5,4
2005-05-16/2005-05-22,187,2005-05-16 00:00:00.000000000,2005-05-22 23:59:59.999999999,606,48,85,399,36,74,37,4,1
2005-05-23/2005-05-29,188,2005-05-23 00:00:00.000000000,2005-05-29 23:59:59.999999999,572,65,99,376,50,73,31,6,12
2005-05-30/2005-06-05,189,2005-05-30 00:00:00.000000000,2005-06-05 23:59:59.999999999,602,75,45,398,55,33,31,6,6
2005-06-06/2005-06-12,190,2005-06-06 00:00:00.000000000,2005-06-12 23:59:59.999999999,597,54,59,389,36,45,32,6,5
2005-06-13/2005-06-19,191,2005-06-13 00:00:00.000000000,2005-06-19 23:59:59.999999999,590,42,49,374,24,39,33,6,5
2005-06-20/2005-06-26,192,2005-06-20 00:00:00.000000000,2005-06-26 23:59:59.999999999,594,30,26,373,19,20,33,1,1
2005-06-27/2005-07-03,193,2005-06-27 00:00:00.000000000,2005-07-03 23:59:59.999999999,612,23,5,387,16,2,34,1,0
2005-07-04/2005-07-10,194,2005-07-04 00:00:00.000000000,2005-07-10 23:59:59.999999999,616,10,6,394,10,3,33,0,1
2005-07-11/2005-07-17,195,2005-07-11 00:00:00.000000000,2005-07-17 23:59:59.999999999,610,12,18,388,9,15,35,2,0
2005-07-18/2005-07-24,196,2005-07-18 00:00:00.000000000,2005-07-24 23:59:59.999999999,627,17,0,396,8,0,38,3,0
2005-07-25/2005-07-31,197,2005-07-25 00:00:00.000000000,2005-07-31 23:59:59.999999999,639,20,8,404,10,2,41,5,2
2005-08-01/2005-08-07,198,2005-08-01 00:00:00.000000000,2005-08-07 23:59:59.999999999,643,20,16,402,10,12,40,1,2
2005-08-08/2005-08-14,199,2005-08-08 00:00:00.000000000,2005-08-14 23:59:59.999999999,651,18,10,405,9,6,41,2,1
2005-08-15/2005-08-21,200,2005-08-15 00:00:00.000000000,2005-08-21 23:59:59.999999999,654,17,14,408,14,11,40,1,2
2005-08-22/2005-08-28,201,2005-08-22 00:00:00.000000000,2005-08-28 23:59:59.999999999,652,10,12,407,8,9,40,1,1
2005-08-29/2005-09-04,202,2005-08-29 00:00:00.000000000,2005-09-04 23:59:59.999999999,661,15,6,410,7,4,41,2,1
2005-09-05/2005-09-11,203,2005-09-05 00:00:00.000000000,2005-09-11 23:59:59.999999999,669,19,11,416,14,8,40,1,2
2005-09-12/2005-09-18,204,2005-09-12 00:00:00.000000000,2005-09-18 23:59:59.999999999,663,10,16,415,7,8,38,2,4
2005-09-19/2005-09-25,205,2005-09-19 00:00:00.000000000,2005-09-25 23:59:59.999999999,671,24,16,421,18,12,39,1,0
2005-09-26/2005-10-02,206,2005-09-26 00:00:00.000000000,2005-10-02 23:59:59.999999999,677,20,14,426,14,9,38,0,1
2005-10-03/2005-10-09,207,2005-10-03 00:00:00.000000000,2005-10-09 23:59:59.999999999,680,33,30,428,29,27,39,1,0
2005-10-10/2005-10-16,208,2005-10-10 00:00:00.000000000,2005-10-16 23:59:59.999999999,683,19,16,431,14,11,39,1,1
2005-10-17/2005-10-23,209,2005-10-17 00:00:00.000000000,2005-10-23 23:59:59.999999999,680,14,17,431,10,10,38,0,1
2005-10-24/2005-10-30,210,2005-10-24 00:00:00.000000000,2005-10-30 23:59:59.999999999,692,17,5,438,11,4,40,2,0
2005-10-31/2005-11-06,211,2005-10-31 00:00:00.000000000,2005-11-06 23:59:59.999999999,709,25,8,453,22,7,40,0,0
2005-11-07/2005-11-13,212,2005-11-07 00:00:00.000000000,2005-11-13 23:59:59.999999999,709,18,18,455,14,12,39,0,1
2005-11-14/2005-11-20,213,2005-11-14 00:00:00.000000000,2005-11-20 23:59:59.999999999,717,20,12,458,11,8,41,4,2
2005-11-21/2005-11-27,214,2005-11-21 00:00:00.000000000,2005-11-27 23:59:59.999999999,697,19,39,444,15,29,41,0,0
2005-11-28/2005-12-04,215,2005-11-28 00:00:00.000000000,2005-12-04 23:59:59.999999999,706,26,17,453,22,13,41,0,0
2005-12-05/2005-12-11,216,2005-12-05 00:00:00.000000000,2005-12-11 23:59:59.999999999,718,25,13,462,19,10,41,2,2
2005-12-12/2005-12-18,217,2005-12-12 00:00:00.000000000,2005-12-18 23:59:59.999999999,727,31,22,470,22,14,43,4,2
2005-12-19/2005-12-25,218,2005-12-19 00:00:00.000000000,2005-12-25 23:59:59.999999999,735,11,3,478,11,3,43,0,0
2005-12-26/2006-01-01,219,2005-12-26 00:00:00.000000000,2006-01-01 23:59:59.999999999,744,10,1,482,5,1,44,1,0
2006-01-02/2006-01-08,220,2006-01-02 00:00:00.000000000,2006-01-08 23:59:59.999999999,738,12,18,482,10,10,42,1,3
2006-01-09/2006-01-15,221,2006-01-09 00:00:00.000000000,2006-01-15 23:59:59.999999999,737,33,34,487,28,23,41,3,4
2006-01-16/2006-01-22,222,2006-01-16 00:00:00.000000000,2006-01-22 23:59:59.999999999,754,32,15,500,27,14,41,0,0
2006-01-23/2006-01-29,223,2006-01-23 00:00:00.000000000,2006-01-29 23:59:59.999999999,760,42,36,504,38,34,42,2,1
2006-01-30/2006-02-05,224,2006-01-30 00:00:00.000000000,2006-02-05 23:59:59.999999999,765,36,31,506,24,22,40,1,3
2006-02-06/2006-02-12,225,2006-02-06 00:00:00.000000000,2006-02-12 23:59:59.999999999,758,32,39,498,25,33,42,2,0
2006-02-13/2006-02-19,226,2006-02-13 00:00:00.000000000,2006-02-19 23:59:59.999999999,770,51,39,508,41,31,44,4,2
2006-02-20/2006-02-26,227,2006-02-20 00:00:00.000000000,2006-02-26 23:59:59.999999999,774,35,31,516,29,21,42,1,3
2006-02-27/2006-03-05,228,2006-02-27 00:00:00.000000000,2006-03-05 23:59:59.999999999,783,41,32,523,37,30,42,1,1
2006-03-06/2006-03-12,229,2006-03-06 00:00:00.000000000,2006-03-12 23:59:59.999999999,785,31,29,520,22,25,43,2,1
2006-03-13/2006-03-19,230,2006-03-13 00:00:00.000000000,2006-03-19 23:59:59.999999999,785,27,27,519,18,19,44,1,0
2006-03-20/2006-03-26,231,2006-03-20 00:00:00.000000000,2006-03-26 23:59:59.999999999,792,21,14,520,13,12,47,3,0
2006-03-27/2006-04-02,232,2006-03-27 00:00:00.000000000,2006-04-02 23:59:59.999999999,777,38,53,515,31,36,48,4,3
2006-04-03/2006-04-09,233,2006-04-03 00:00:00.000000000,2006-04-09 23:59:59.999999999,768,39,48,504,26,37,48,3,3
2006-04-10/2006-04-16,234,2006-04-10 00:00:00.000000000,2006-04-16 23:59:59.999999999,764,37,41,499,30,35,49,3,2
2006-04-17/2006-04-23,235,2006-04-17 00:00:00.000000000,2006-04-23 23:59:59.999999999,744,32,52,482,27,44,50,4,3
2006-04-24/2006-04-30,236,2006-04-24 00:00:00.000000000,2006-04-30 23:59:59.999999999,720,61,85,457,48,73,48,2,4
2006-05-01/2006-05-07,237,2006-05-01 00:00:00.000000000,2006-05-07 23:59:59.999999999,722,48,46,462,41,36,46,3,5
2006-05-08/2006-05-14,238,2006-05-08 00:00:00.000000000,2006-05-14 23:59:59.999999999,737,32,17,477,26,11,45,2,3
2006-05-15/2006-05-21,239,2006-05-15 00:00:00.000000000,2006-05-21 23:59:59.999999999,746,28,19,482,20,15,45,4,4
2006-05-22/2006-05-28,240,2006-05-22 00:00:00.000000000,2006-05-28 23:59:59.999999999,754,27,19,491,23,14,44,0,1
2006-05-29/2006-06-04,241,2006-05-29 00:00:00.000000000,2006-06-04 23:59:59.999999999,754,31,31,491,19,19,45,4,3
2006-06-05/2006-06-11,242,2006-06-05 00:00:00.000000000,2006-06-11 23:59:59.999999999,767,22,9,500,15,6,48,4,1
2006-06-12/2006-06-18,243,2006-06-12 00:00:00.000000000,2006-06-18 23:59:59.999999999,788,32,11,515,22,7,45,1,4
2006-06-19/2006-06-25,244,2006-06-19 00:00:00.000000000,2006-06-25 23:59:59.999999999,728,30,90,467,19,67,43,2,4
2006-06-26/2006-07-02,245,2006-06-26 00:00:00.000000000,2006-07-02 23:59:59.999999999,733,20,15,466,12,13,43,0,0
2006-07-03/2006-07-09,246,2006-07-03 00:00:00.000000000,2006-07-09 23:59:59.999999999,745,26,14,473,19,12,45,2,0
2006-07-10/2006-07-16,247,2006-07-10 00:00:00.000000000,2006-07-16 23:59:59.999999999,748,18,15,475,12,10,44,2,3
2006-07-17/2006-07-23,248,2006-07-17 00:00:00.000000000,2006-07-23 23:59:59.999999999,755,23,16,479,17,13,47,3,0
2006-07-24/2006-07-30,249,2006-07-24 00:00:00.000000000,2006-07-30 23:59:59.999999999,757,21,19,480,18,17,47,0,0
2006-07-31/2006-08-06,250,2006-07-31 00:00:00.000000000,2006-08-06 23:59:59.999999999,754,29,32,477,20,23,47,1,1
2006-08-07/2006-08-13,251,2006-08-07 00:00:00.000000000,2006-08-13 23:59:59.999999999,758,24,20,479,15,13,44,0,3
2006-08-14/2006-08-20,252,2006-08-14 00:00:00.000000000,2006-08-20 23:59:59.999999999,769,27,16,481,11,9,42,2,4
2006-08-21/2006-08-27,253,2006-08-21 00:00:00.000000000,2006-08-27 23:59:59.999999999,785,38,22,496,29,14,42,1,1
2006-08-28/2006-09-03,254,2006-08-28 00:00:00.000000000,2006-09-03 23:59:59.999999999,784,23,24,498,18,16,42,1,1
2006-09-04/2006-09-10,255,2006-09-04 00:00:00.000000000,2006-09-10 23:59:59.999999999,786,16,14,501,12,9,43,2,1
2006-09-11/2006-09-17,256,2006-09-11 00:00:00.000000000,2006-09-17 23:59:59.999999999,786,26,26,500,20,21,42,0,1
2006-09-18/2006-09-24,257,2006-09-18 00:00:00.000000000,2006-09-24 23:59:59.999999999,798,37,25,509,30,21,41,0,1
2006-09-25/2006-10-01,258,2006-09-25 00:00:00.000000000,2006-10-01 23:59:59.999999999,808,35,25,513,26,22,41,1,1
2006-10-02/2006-10-08,259,2006-10-02 00:00:00.000000000,2006-10-08 23:59:59.999999999,812,20,16,519,12,6,42,3,2
2006-10-09/2006-10-15,260,2006-10-09 00:00:00.000000000,2006-10-15 23:59:59.999999999,811,20,21,517,16,18,42,2,2
2006-10-16/2006-10-22,261,2006-10-16 00:00:00.000000000,2006-10-22 23:59:59.999999999,815,13,9,522,11,6,42,1,1
2006-10-23/2006-10-29,262,2006-10-23 00:00:00.000000000,2006-10-29 23:59:59.999999999,821,21,15,526,14,10,42,1,1
2006-10-30/2006-11-05,263,2006-10-30 00:00:00.000000000,2006-11-05 23:59:59.999999999,823,15,13,526,10,10,43,1,0
2006-11-06/2006-11-12,264,2006-11-06 00:00:00.000000000,2006-11-12 23:59:59.999999999,832,20,11,532,15,9,44,1,0
2006-11-13/2006-11-19,265,2006-11-13 00:00:00.000000000,2006-11-19 23:59:59.999999999,826,13,19,528,10,14,44,0,0
2006-11-20/2006-11-26,266,2006-11-20 00:00:00.000000000,2006-11-26 23:59:59.999999999,830,25,21,527,12,13,43,1,2
2006-11-27/2006-12-03,267,2006-11-27 00:00:00.000000000,2006-12-03 23:59:59.999999999,843,20,7,534,11,4,42,0,1
2006-12-04/2006-12-10,268,2006-12-04 00:00:00.000000000,2006-12-10 23:59:59.999999999,846,20,17,538,16,12,41,1,2
2006-12-11/2006-12-17,269,2006-12-11 00:00:00.000000000,2006-12-17 23:59:59.999999999,855,43,34,551,35,22,39,0,2
2006-12-18/2006-12-24,270,2006-12-18 00:00:00.000000000,2006-12-24 23:59:59.999999999,857,18,16,553,11,9,39,0,0
2006-12-25/2006-12-31,271,2006-12-25 00:00:00.000000000,2006-12-31 23:59:59.999999999,836,1,22,542,1,12,39,0,0
2007-01-01/2007-01-07,272,2007-01-01 00:00:00.000000000,2007-01-07 23:59:59.999999999,846,19,9,545,9,6,39,0,0
2007-01-08/2007-01-14,273,2007-01-08 00:00:00.000000000,2007-01-14 23:59:59.999999999,851,26,21,547,18,16,39,0,0
2007-01-15/2007-01-21,274,2007-01-15 00:00:00.000000000,2007-01-21 23:59:59.999999999,862,20,9,555,15,7,40,1,0
2007-01-22/2007-01-28,275,2007-01-22 00:00:00.000000000,2007-01-28 23:59:59.999999999,864,39,37,560,34,29,39,1,2
2007-01-29/2007-02-04,276,2007-01-29 00:00:00.000000000,2007-02-04 23:59:59.999999999,892,58,30,584,48,24,39,2,2
2007-02-05/2007-02-11,277,2007-02-05 00:00:00.000000000,2007-02-11 23:59:59.999999999,917,77,52,596,60,48,40,2,1
2007-02-12/2007-02-18,278,2007-02-12 00:00:00.000000000,2007-02-18 23:59:59.999999999,926,29,20,599,23,20,43,3,0
2007-02-19/2007-02-25,279,2007-02-19 00:00:00.000000000,2007-02-25 23:59:59.999999999,930,42,38,602,31,28,42,1,2
2007-02-26/2007-03-04,280,2007-02-26 00:00:00.000000000,2007-03-04 23:59:59.999999999,947,27,10,618,24,8,44,3,1
2007-03-05/2007-03-11,281,2007-03-05 00:00:00.000000000,2007-03-11 23:59:59.999999999,952,16,11,619,11,10,46,3,1
2007-03-12/2007-03-18,282,2007-03-12 00:00:00.000000000,2007-03-18 23:59:59.999999999,959,35,28,625,27,21,46,0,0
2007-03-19/2007-03-25,283,2007-03-19 00:00:00.000000000,2007-03-25 23:59:59.999999999,977,59,41,636,45,34,45,1,2
2007-03-26/2007-04-01,284,2007-03-26 00:00:00.000000000,2007-04-01 23:59:59.999999999,928,44,93,600,32,68,46,5,4
2007-04-02/2007-04-08,285,2007-04-02 00:00:00.000000000,2007-04-08 23:59:59.999999999,952,54,30,620,42,22,45,0,1
2007-04-09/2007-04-15,286,2007-04-09 00:00:00.000000000,2007-04-15 23:59:59.999999999,924,34,62,603,29,46,44,4,5
2007-04-16/2007-04-22,287,2007-04-16 00:00:00.000000000,2007-04-22 23:59:59.999999999,910,34,48,591,28,40,44,1,1
2007-04-23/2007-04-29,288,2007-04-23 00:00:00.000000000,2007-04-29 23:59:59.999999999,900,47,57,582,40,49,43,2,3
2007-04-30/2007-05-06,289,2007-04-30 00:00:00.000000000,2007-05-06 23:59:59.999999999,905,43,38,582,29,29,41,4,6
2007-05-07/2007-05-13,290,2007-05-07 00:00:00.000000000,2007-05-13 23:59:59.999999999,888,41,58,573,32,41,37,2,6
2007-05-14/2007-05-20,291,2007-05-14 00:00:00.000000000,2007-05-20 23:59:59.999999999,880,31,39,562,21,32,38,2,1
2007-05-21/2007-05-27,292,2007-05-21 00:00:00.000000000,2007-05-27 23:59:59.999999999,887,35,28,562,22,22,41,4,1
2007-05-28/2007-06-03,293,2007-05-28 00:00:00.000000000,2007-06-03 23:59:59.999999999,906,41,22,571,28,19,40,2,3
2007-06-04/2007-06-10,294,2007-06-04 00:00:00.000000000,2007-06-10 23:59:59.999999999,864,31,73,536,22,57,40,1,1
2007-06-11/2007-06-17,295,2007-06-11 00:00:00.000000000,2007-06-17 23:59:59.999999999,872,33,25,528,10,18,40,1,1
2007-06-18/2007-06-24,296,2007-06-18 00:00:00.000000000,2007-06-24 23:59:59.999999999,885,26,13,533,15,10,40,0,0
2007-06-25/2007-07-01,297,2007-06-25 00:00:00.000000000,2007-07-01 23:59:59.999999999,888,7,4,535,5,3,40,0,0
2007-07-02/2007-07-08,298,2007-07-02 00:00:00.000000000,2007-07-08 23:59:59.999999999,903,20,5,544,12,3,40,1,1
2007-07-09/2007-07-15,299,2007-07-09 00:00:00.000000000,2007-07-15 23:59:59.999999999,900,21,24,545,16,15,40,0,0
2007-07-16/2007-07-22,300,2007-07-16 00:00:00.000000000,2007-07-22 23:59:59.999999999,902,24,22,549,19,15,40,1,1
2007-07-23/2007-07-29,301,2007-07-23 00:00:00.000000000,2007-07-29 23:59:59.999999999,886,25,41,539,19,29,38,0,2
2007-07-30/2007-08-05,302,2007-07-30 00:00:00.000000000,2007-08-05 23:59:59.999999999,896,28,18,545,17,11,40,2,0
2007-08-06/2007-08-12,303,2007-08-06 00:00:00.000000000,2007-08-12 23:59:59.999999999,898,44,42,545,31,31,42,3,1
2007-08-13/2007-08-19,304,2007-08-13 00:00:00.000000000,2007-08-19 23:59:59.999999999,895,31,34,548,20,17,41,0,1
2007-08-20/2007-08-26,305,2007-08-20 00:00:00.000000000,2007-08-26 23:59:59.999999999,904,26,17,549,13,12,43,2,0
2007-08-27/2007-09-02,306,2007-08-27 00:00:00.000000000,2007-09-02 23:59:59.999999999,920,51,35,563,38,24,39,1,5
2007-09-03/2007-09-09,307,2007-09-03 00:00:00.000000000,2007-09-09 23:59:59.999999999,915,24,29,560,18,21,41,2,0
2007-09-10/2007-09-16,308,2007-09-10 00:00:00.000000000,2007-09-16 23:59:59.999999999,896,24,43,553,14,21,41,1,1
2007-09-17/2007-09-23,309,2007-09-17 00:00:00.000000000,2007-09-23 23:59:59.999999999,897,22,21,555,15,13,41,1,1
2007-09-24/2007-09-30,310,2007-09-24 00:00:00.000000000,2007-09-30 23:59:59.999999999,898,12,11,556,9,8,40,0,1
2007-10-01/2007-10-07,311,2007-10-01 00:00:00.000000000,2007-10-07 23:59:59.999999999,907,23,14,560,13,9,43,3,0
2007-10-08/2007-10-14,312,2007-10-08 00:00:00.000000000,2007-10-14 23:59:59.999999999,911,21,17,563,10,7,42,0,1
2007-10-15/2007-10-21,313,2007-10-15 00:00:00.000000000,2007-10-21 23:59:59.999999999,932,35,14,578,22,7,45,4,1
2007-10-22/2007-10-28,314,2007-10-22 00:00:00.000000000,2007-10-28 23:59:59.999999999,926,23,29,574,14,18,47,3,1
2007-10-29/2007-11-04,315,2007-10-29 00:00:00.000000000,2007-11-04 23:59:59.999999999,931,36,31,575,22,21,46,2,3
2007-11-05/2007-11-11,316,2007-11-05 00:00:00.000000000,2007-11-11 23:59:59.999999999,956,47,22,588,30,17,48,3,1
2007-11-12/2007-11-18,317,2007-11-12 00:00:00.000000000,2007-11-18 23:59:59.999999999,966,31,21,595,22,15,47,1,2
2007-11-19/2007-11-25,318,2007-11-19 00:00:00.000000000,2007-11-25 23:59:59.999999999,980,23,9,602,14,7,46,0,1
2007-11-26/2007-12-02,319,2007-11-26 00:00:00.000000000,2007-12-02 23:59:59.999999999,988,30,22,610,21,13,46,0,0
2007-12-03/2007-12-09,320,2007-12-03 00:00:00.000000000,2007-12-09 23:59:59.999999999,988,25,25,607,16,19,46,3,3
2007-12-10/2007-12-16,321,2007-12-10 00:00:00.000000000,2007-12-16 23:59:59.999999999,958,39,69,588,24,43,44,4,6
2007-12-17/2007-12-23,322,2007-12-17 00:00:00.000000000,2007-12-23 23:59:59.999999999,966,21,13,591,11,8,45,2,1
2007-12-24/2007-12-30,323,2007-12-24 00:00:00.000000000,2007-12-30 23:59:59.999999999,965,1,2,590,0,1,45,0,0
2007-12-31/2008-01-06,324,2007-12-31 00:00:00.000000000,2008-01-06 23:59:59.999999999,972,15,8,595,8,3,45,0,0
2008-01-07/2008-01-13,325,2008-01-07 00:00:00.000000000,2008-01-13 23:59:59.999999999,981,44,35,601,32,26,45,1,1
2008-01-14/2008-01-20,326,2008-01-14 00:00:00.000000000,2008-01-20 23:59:59.999999999,988,27,20,604,17,14,47,2,0
2008-01-21/2008-01-27,327,2008-01-21 00:00:00.000000000,2008-01-27 23:59:59.999999999,1010,35,13,620,25,9,47,2,2
2008-01-28/2008-02-03,328,2008-01-28 00:00:00.000000000,2008-02-03 23:59:59.999999999,1012,43,41,621,33,32,50,4,1
2008-02-04/2008-02-10,329,2008-02-04 00:00:00.000000000,2008-02-10 23:59:59.999999999,968,44,88,598,28,51,43,1,8
2008-02-11/2008-02-17,330,2008-02-11 00:00:00.000000000,2008-02-17 23:59:59.999999999,996,51,23,618,36,16,44,3,2
2008-02-18/2008-02-24,331,2008-02-18 00:00:00.000000000,2008-02-24 23:59:59.999999999,1015,47,28,631,34,21,44,0,0
2008-02-25/2008-03-02,332,2008-02-25 00:00:00.000000000,2008-03-02 23:59:59.999999999,1022,52,45,633,41,39,48,4,0
2008-03-03/2008-03-09,333,2008-03-03 00:00:00.000000000,2008-03-09 23:59:59.999999999,1021,42,43,625,21,29,49,4,3
2008-03-10/2008-03-16,334,2008-03-10 00:00:00.000000000,2008-03-16 23:59:59.999999999,1043,48,26,646,33,12,47,2,4
2008-03-17/2008-03-23,335,2008-03-17 00:00:00.000000000,2008-03-23 23:59:59.999999999,1039,24,28,638,16,24,48,3,2
2008-03-24/2008-03-30,336,2008-03-24 00:00:00.000000000,2008-03-30 23:59:59.999999999,1022,56,73,628,32,42,45,5,8
2008-03-31/2008-04-06,337,2008-03-31 00:00:00.000000000,2008-04-06 23:59:59.999999999,1064,80,38,662,66,32,49,5,1
2008-04-07/2008-04-13,338,2008-04-07 00:00:00.000000000,2008-04-13 23:59:59.999999999,1058,42,48,658,34,38,48,1,2
2008-04-14/2008-04-20,339,2008-04-14 00:00:00.000000000,2008-04-20 23:59:59.999999999,1045,64,77,646,51,63,49,2,1
2008-04-21/2008-04-27,340,2008-04-21 00:00:00.000000000,2008-04-27 23:59:59.999999999,1031,48,62,636,35,45,51,5,3
2008-04-28/2008-05-04,341,2008-04-28 00:00:00.000000000,2008-05-04 23:59:59.999999999,978,66,119,594,51,93,48,9,12
2008-05-05/2008-05-11,342,2008-05-05 00:00:00.000000000,2008-05-11 23:59:59.999999999,1004,90,64,604,58,48,48,6,6
2008-05-12/2008-05-18,343,2008-05-12 00:00:00.000000000,2008-05-18 23:59:59.999999999,1029,77,52,619,57,42,49,5,4
2008-05-19/2008-05-25,344,2008-05-19 00:00:00.000000000,2008-05-25 23:59:59.999999999,1038,74,65,621,48,46,50,10,9
2008-05-26/2008-06-01,345,2008-05-26 00:00:00.000000000,2008-06-01 23:59:59.999999999,1046,46,38,628,33,26,50,2,2
2008-06-02/2008-06-08,346,2008-06-02 00:00:00.000000000,2008-06-08 23:59:59.999999999,1054,36,28,633,23,18,49,1,2
2008-06-09/2008-06-15,347,2008-06-09 00:00:00.000000000,2008-06-15 23:59:59.999999999,1067,26,13,646,20,7,49,2,2
2008-06-16/2008-06-22,348,2008-06-16 00:00:00.000000000,2008-06-22 23:59:59.999999999,1075,28,20,654,20,12,48,4,5
2008-06-23/2008-06-29,349,2008-06-23 00:00:00.000000000,2008-06-29 23:59:59.999999999,1084,15,6,660,8,2,48,1,1
2008-06-30/2008-07-06,350,2008-06-30 00:00:00.000000000,2008-07-06 23:59:59.999999999,1104,26,6,673,18,5,49,1,0
2008-07-07/2008-07-13,351,2008-07-07 00:00:00.000000000,2008-07-13 23:59:59.999999999,1121,37,20,684,22,11,51,7,5
2008-07-14/2008-07-20,352,2008-07-14 00:00:00.000000000,2008-07-20 23:59:59.999999999,1123,26,24,684,16,16,52,2,1
2008-07-21/2008-07-27,353,2008-07-21 00:00:00.000000000,2008-07-27 23:59:59.999999999,1098,25,50,665,22,41,52,0,0
2008-07-28/2008-08-03,354,2008-07-28 00:00:00.000000000,2008-08-03 23:59:59.999999999,1082,16,32,652,12,25,51,1,2
2008-08-04/2008-08-10,355,2008-08-04 00:00:00.000000000,2008-08-10 23:59:59.999999999,1097,29,14,655,13,10,52,2,1
2008-08-11/2008-08-17,356,2008-08-11 00:00:00.000000000,2008-08-17 23:59:59.999999999,1111,30,16,664,18,9,56,5,1
2008-08-18/2008-08-24,357,2008-08-18 00:00:00.000000000,2008-08-24 23:59:59.999999999,1124,33,20,680,28,12,54,0,2
2008-08-25/2008-08-31,358,2008-08-25 00:00:00.000000000,2008-08-31 23:59:59.999999999,1140,27,11,691,19,8,54,0,0
2008-09-01/2008-09-07,359,2008-09-01 00:00:00.000000000,2008-09-07 23:59:59.999999999,1130,29,39,684,25,32,53,2,3
2008-09-08/2008-09-14,360,2008-09-08 00:00:00.000000000,2008-09-14 23:59:59.999999999,1124,44,50,672,30,42,56,5,2
2008-09-15/2008-09-21,361,2008-09-15 00:00:00.000000000,2008-09-21 23:59:59.999999999,1133,33,24,678,23,17,55,2,3
2008-09-22/2008-09-28,362,2008-09-22 00:00:00.000000000,2008-09-28 23:59:59.999999999,1170,66,29,706,47,19,58,3,0
2008-09-29/2008-10-05,363,2008-09-29 00:00:00.000000000,2008-10-05 23:59:59.999999999,1176,49,43,703,27,30,58,6,6
2008-10-06/2008-10-12,364,2008-10-06 00:00:00.000000000,2008-10-12 23:59:59.999999999,1183,26,19,708,18,13,57,2,3
2008-10-13/2008-10-19,365,2008-10-13 00:00:00.000000000,2008-10-19 23:59:59.999999999,1187,24,20,711,16,13,58,1,0
2008-10-20/2008-10-26,366,2008-10-20 00:00:00.000000000,2008-10-26 23:59:59.999999999,1181,44,50,706,30,35,58,5,5
2008-10-27/2008-11-02,367,2008-10-27 00:00:00.000000000,2008-11-02 23:59:59.999999999,1188,42,35,704,27,29,61,3,0
2008-11-03/2008-11-09,368,2008-11-03 00:00:00.000000000,2008-11-09 23:59:59.999999999,1183,25,30,700,20,24,61,0,0
2008-11-10/2008-11-16,369,2008-11-10 00:00:00.000000000,2008-11-16 23:59:59.999999999,1202,43,24,715,35,20,63,2,0
2008-11-17/2008-11-23,370,2008-11-17 00:00:00.000000000,2008-11-23 23:59:59.999999999,1205,41,38,721,34,28,62,2,3
2008-11-24/2008-11-30,371,2008-11-24 00:00:00.000000000,2008-11-30 23:59:59.999999999,1206,37,36,715,19,25,65,5,2
2008-12-01/2008-12-07,372,2008-12-01 00:00:00.000000000,2008-12-07 23:59:59.999999999,1206,27,27,719,21,17,63,0,2
2008-12-08/2008-12-14,373,2008-12-08 00:00:00.000000000,2008-12-14 23:59:59.999999999,1183,30,53,697,14,36,64,4,3
2008-12-15/2008-12-21,374,2008-12-15 00:00:00.000000000,2008-12-21 23:59:59.999999999,1188,24,19,700,16,13,65,3,2
2008-12-22/2008-12-28,375,2008-12-22 00:00:00.000000000,2008-12-28 23:59:59.999999999,1188,6,6,701,4,3,64,1,2
2008-12-29/2009-01-04,376,2008-12-29 00:00:00.000000000,2009-01-04 23:59:59.999999999,1188,8,8,702,4,3,63,1,2
2009-01-05/2009-01-11,377,2009-01-05 00:00:00.000000000,2009-01-11 23:59:59.999999999,1188,31,31,710,23,15,62,2,3
2009-01-12/2009-01-18,378,2009-01-12 00:00:00.000000000,2009-01-18 23:59:59.999999999,1185,26,29,709,20,21,59,3,6
2009-01-19/2009-01-25,379,2009-01-19 00:00:00.000000000,2009-01-25 23:59:59.999999999,1187,28,26,710,18,17,61,3,1
2009-01-26/2009-02-01,380,2009-01-26 00:00:00.000000000,2009-02-01 23:59:59.999999999,1212,70,45,732,57,35,62,7,6
2009-02-02/2009-02-08,381,2009-02-02 00:00:00.000000000,2009-02-08 23:59:59.999999999,1224,66,54,745,48,35,59,4,7
2009-02-09/2009-02-15,382,2009-02-09 00:00:00.000000000,2009-02-15 23:59:59.999999999,1245,47,26,763,37,19,61,2,0
2009-02-16/2009-02-22,383,2009-02-16 00:00:00.000000000,2009-02-22 23:59:59.999999999,1267,41,19,781,31,13,62,2,1
2009-02-23/2009-03-01,384,2009-02-23 00:00:00.000000000,2009-03-01 23:59:59.999999999,1263,71,75,780,59,60,62,5,5
2009-03-02/2009-03-08,385,2009-03-02 00:00:00.000000000,2009-03-08 23:59:59.999999999,1262,68,69,781,54,53,61,4,5
2009-03-09/2009-03-15,386,2009-03-09 00:00:00.000000000,2009-03-15 23:59:59.999999999,1272,83,73,788,55,48,62,10,9
2009-03-16/2009-03-22,387,2009-03-16 00:00:00.000000000,2009-03-22 23:59:59.999999999,1236,59,95,765,46,69,62,4,4
2009-03-23/2009-03-29,388,2009-03-23 00:00:00.000000000,2009-03-29 23:59:59.999999999,1233,40,43,762,25,28,64,5,3
2009-03-30/2009-04-05,389,2009-03-30 00:00:00.000000000,2009-04-05 23:59:59.999999999,1237,46,42,760,28,30,68,5,1
2009-04-06/2009-04-12,390,2009-04-06 00:00:00.000000000,2009-04-12 23:59:59.999999999,1233,20,24,760,15,15,69,2,1
2009-04-13/2009-04-19,391,2009-04-13 00:00:00.000000000,2009-04-19 23:59:59.999999999,1232,76,77,755,42,47,69,11,11
2009-04-20/2009-04-26,392,2009-04-20 00:00:00.000000000,2009-04-26 23:59:59.999999999,1238,74,68,768,57,44,70,8,7
2009-04-27/2009-05-03,393,2009-04-27 00:00:00.000000000,2009-05-03 23:59:59.999999999,1220,83,101,761,62,69,71,11,10
2009-05-04/2009-05-10,394,2009-05-04 00:00:00.000000000,2009-05-10 23:59:59.999999999,1202,59,77,747,44,58,70,4,5
2009-05-11/2009-05-17,395,2009-05-11 00:00:00.000000000,2009-05-17 23:59:59.999999999,1200,48,50,745,34,36,70,5,5
2009-05-18/2009-05-24,396,2009-05-18 00:00:00.000000000,2009-05-24 23:59:59.999999999,1220,49,29,759,36,22,70,3,3
2009-05-25/2009-05-31,397,2009-05-25 00:00:00.000000000,2009-05-31 23:59:59.999999999,1233,51,38,769,38,28,67,5,8
2009-06-01/2009-06-07,398,2009-06-01 00:00:00.000000000,2009-06-07 23:59:59.999999999,1231,33,35,761,22,30,70,7,4
2009-06-08/2009-06-14,399,2009-06-08 00:00:00.000000000,2009-06-14 23:59:59.999999999,1224,29,36,757,17,21,72,5,3
2009-06-15/2009-06-21,400,2009-06-15 00:00:00.000000000,2009-06-21 23:59:59.999999999,1231,22,15,757,11,11,75,4,1
2009-06-22/2009-06-28,401,2009-06-22 00:00:00.000000000,2009-06-28 23:59:59.999999999,1215,23,39,745,13,25,76,2,1
2009-06-29/2009-07-05,402,2009-06-29 00:00:00.000000000,2009-07-05 23:59:59.999999999,1214,16,17,747,8,6,75,0,1
2009-07-06/2009-07-12,403,2009-07-06 00:00:00.000000000,2009-07-12 23:59:59.999999999,1197,34,51,737,22,32,73,4,6
2009-07-13/2009-07-19,404,2009-07-13 00:00:00.000000000,2009-07-19 23:59:59.999999999,1205,21,13,742,12,7,72,2,3
2009-07-20/2009-07-26,405,2009-07-20 00:00:00.000000000,2009-07-26 23:59:59.999999999,1212,13,6,746,6,2,71,0,1
2009-07-27/2009-08-02,406,2009-07-27 00:00:00.000000000,2009-08-02 23:59:59.999999999,1221,33,24,749,18,15,74,5,2
2009-08-03/2009-08-09,407,2009-08-03 00:00:00.000000000,2009-08-09 23:59:59.999999999,1210,19,30,741,11,19,74,3,3
2009-08-10/2009-08-16,408,2009-08-10 00:00:00.000000000,2009-08-16 23:59:59.999999999,1212,19,17,739,9,11,75,1,0
2009-08-17/2009-08-23,409,2009-08-17 00:00:00.000000000,2009-08-23 23:59:59.999999999,1225,33,20,751,24,12,75,1,1
2009-08-24/2009-08-30,410,2009-08-24 00:00:00.000000000,2009-08-30 23:59:59.999999999,1155,27,97,716,20,55,68,1,8
2009-08-31/2009-09-06,411,2009-08-31 00:00:00.000000000,2009-09-06 23:59:59.999999999,1167,35,23,721,21,16,69,4,3
2009-09-07/2009-09-13,412,2009-09-07 00:00:00.000000000,2009-09-13 23:59:59.999999999,1163,24,28,718,15,18,69,4,4
2009-09-14/2009-09-20,413,2009-09-14 00:00:00.000000000,2009-09-20 23:59:59.999999999,1151,28,40,710,19,27,69,3,3
2009-09-21/2009-09-27,414,2009-09-21 00:00:00.000000000,2009-09-27 23:59:59.999999999,1152,28,27,711,19,18,68,0,1
2009-09-28/2009-10-04,415,2009-09-28 00:00:00.000000000,2009-10-04 23:59:59.999999999,1165,26,13,719,17,9,68,0,0
2009-10-05/2009-10-11,416,2009-10-05 00:00:00.000000000,2009-10-11 23:59:59.999999999,1172,24,17,722,15,12,67,0,1
2009-10-12/2009-10-18,417,2009-10-12 00:00:00.000000000,2009-10-18 23:59:59.999999999,1184,18,6,732,11,1,66,0,1
2009-10-19/2009-10-25,418,2009-10-19 00:00:00.000000000,2009-10-25 23:59:59.999999999,1192,30,22,734,16,14,69,5,2
2009-10-26/2009-11-01,419,2009-10-26 00:00:00.000000000,2009-11-01 23:59:59.999999999,1190,25,27,735,15,14,71,2,0
2009-11-02/2009-11-08,420,2009-11-02 00:00:00.000000000,2009-11-08 23:59:59.999999999,1196,21,15,739,14,10,72,2,1
2009-11-09/2009-11-15,421,2009-11-09 00:00:00.000000000,2009-11-15 23:59:59.999999999,1193,12,15,737,8,10,71,0,1
2009-11-16/2009-11-22,422,2009-11-16 00:00:00.000000000,2009-11-22 23:59:59.999999999,1199,17,11,746,11,2,70,3,4
2009-11-23/2009-11-29,423,2009-11-23 00:00:00.000000000,2009-11-29 23:59:59.999999999,1215,27,11,756,17,7,70,0,0
2009-11-30/2009-12-06,424,2009-11-30 00:00:00.000000000,2009-12-06 23:59:59.999999999,1222,43,36,755,28,29,71,3,2
2009-12-07/2009-12-13,425,2009-12-07 00:00:00.000000000,2009-12-13 23:59:59.999999999,1227,39,34,756,23,22,72,3,2
2009-12-14/2009-12-20,426,2009-12-14 00:00:00.000000000,2009-12-20 23:59:59.999999999,1224,12,15,759,8,5,73,2,1
2009-12-21/2009-12-27,427,2009-12-21 00:00:00.000000000,2009-12-27 23:59:59.999999999,1234,12,2,761,4,2,74,1,0
2009-12-28/2010-01-03,428,2009-12-28 00:00:00.000000000,2010-01-03 23:59:59.999999999,1238,5,1,764,4,1,74,0,0
2010-01-04/2010-01-10,429,2010-01-04 00:00:00.000000000,2010-01-10 23:59:59.999999999,1231,15,22,761,11,14,74,1,1
2010-01-11/2010-01-17,430,2010-01-11 00:00:00.000000000,2010-01-17 23:59:59.999999999,1241,21,11,766,15,10,75,1,0
2010-01-18/2010-01-24,431,2010-01-18 00:00:00.000000000,2010-01-24 23:59:59.999999999,1231,39,49,769,30,27,74,2,3
2010-01-25/2010-01-31,432,2010-01-25 00:00:00.000000000,2010-01-31 23:59:59.999999999,1226,22,27,771,16,14,73,2,3
2010-02-01/2010-02-07,433,2010-02-01 00:00:00.000000000,2010-02-07 23:59:59.999999999,1227,13,12,771,10,10,73,0,0
2010-02-08/2010-02-14,434,2010-02-08 00:00:00.000000000,2010-02-14 23:59:59.999999999,1218,19,28,769,14,16,71,0,2
2010-02-15/2010-02-21,435,2010-02-15 00:00:00.000000000,2010-02-21 23:59:59.999999999,1224,23,17,774,18,13,73,3,1
2010-02-22/2010-02-28,436,2010-02-22 00:00:00.000000000,2010-02-28 23:59:59.999999999,1233,28,19,782,21,13,74,1,0
2010-03-01/2010-03-07,437,2010-03-01 00:00:00.000000000,2010-03-07 23:59:59.999999999,1232,44,45,787,31,26,69,7,12
2010-03-08/2010-03-14,438,2010-03-08 00:00:00.000000000,2010-03-14 23:59:59.999999999,1229,47,50,784,36,39,69,3,3
2010-03-15/2010-03-21,439,2010-03-15 00:00:00.000000000,2010-03-21 23:59:59.999999999,1236,31,24,790,25,19,70,3,2
2010-03-22/2010-03-28,440,2010-03-22 00:00:00.000000000,2010-03-28 23:59:59.999999999,1242,29,23,795,18,13,73,5,2
2010-03-29/2010-04-04,441,2010-03-29 00:00:00.000000000,2010-04-04 23:59:59.999999999,1242,31,31,796,23,22,72,1,2
2010-04-05/2010-04-11,442,2010-04-05 00:00:00.000000000,2010-04-11 23:59:59.999999999,1250,29,21,802,23,17,73,1,0
2010-04-12/2010-04-18,443,2010-04-12 00:00:00.000000000,2010-04-18 23:59:59.999999999,1248,41,43,797,19,24,81,9,1
2010-04-19/2010-04-25,444,2010-04-19 00:00:00.000000000,2010-04-25 23:59:59.999999999,1250,34,32,800,24,21,81,4,4
2010-04-26/2010-05-02,445,2010-04-26 00:00:00.000000000,2010-05-02 23:59:59.999999999,1237,40,53,797,36,39,78,1,4
2010-05-03/2010-05-09,446,2010-05-03 00:00:00.000000000,2010-05-09 23:59:59.999999999,1227,26,36,790,16,23,77,3,4
2010-05-10/2010-05-16,447,2010-05-10 00:00:00.000000000,2010-05-16 23:59:59.999999999,1225,33,35,792,30,28,73,1,5
2010-05-17/2010-05-23,448,2010-05-17 00:00:00.000000000,2010-05-23 23:59:59.999999999,1212,38,51,778,27,41,72,2,3
2010-05-24/2010-05-30,449,2010-05-24 00:00:00.000000000,2010-05-30 23:59:59.999999999,1222,40,30,788,29,19,72,3,3
2010-05-31/2010-06-06,450,2010-05-31 00:00:00.000000000,2010-06-06 23:59:59.999999999,1218,32,36,782,21,27,74,4,2
2010-06-07/2010-06-13,451,2010-06-07 00:00:00.000000000,2010-06-13 23:59:59.999999999,1220,17,15,781,9,10,76,3,1
2010-06-14/2010-06-20,452,2010-06-14 00:00:00.000000000,2010-06-20 23:59:59.999999999,1203,9,26,766,5,20,76,2,2
2010-06-21/2010-06-27,453,2010-06-21 00:00:00.000000000,2010-06-27 23:59:59.999999999,1205,9,7,767,6,5,76,0,0
2010-06-28/2010-07-04,454,2010-06-28 00:00:00.000000000,2010-07-04 23:59:59.999999999,1213,15,7,773,11,5,77,1,0
2010-07-05/2010-07-11,455,2010-07-05 00:00:00.000000000,2010-07-11 23:59:59.999999999,1217,11,7,776,6,3,78,1,0
2010-07-12/2010-07-18,456,2010-07-12 00:00:00.000000000,2010-07-18 23:59:59.999999999,1223,13,7,780,8,4,79,2,1
2010-07-19/2010-07-25,457,2010-07-19 00:00:00.000000000,2010-07-25 23:59:59.999999999,1236,20,7,786,10,4,79,1,1
2010-07-26/2010-08-01,458,2010-07-26 00:00:00.000000000,2010-08-01 23:59:59.999999999,1228,19,27,789,16,13,77,1,3
2010-08-02/2010-08-08,459,2010-08-02 00:00:00.000000000,2010-08-08 23:59:59.999999999,1207,19,40,773,12,28,78,5,4
2010-08-09/2010-08-15,460,2010-08-09 00:00:00.000000000,2010-08-15 23:59:59.999999999,1209,19,17,772,11,12,78,2,2
2010-08-16/2010-08-22,461,2010-08-16 00:00:00.000000000,2010-08-22 23:59:59.999999999,1212,18,15,775,14,11,79,1,0
2010-08-23/2010-08-29,462,2010-08-23 00:00:00.000000000,2010-08-29 23:59:59.999999999,1219,14,7,780,11,6,80,1,0
2010-08-30/2010-09-05,463,2010-08-30 00:00:00.000000000,2010-09-05 23:59:59.999999999,1208,11,22,771,10,19,78,0,2
2010-09-06/2010-09-12,464,2010-09-06 00:00:00.000000000,2010-09-12 23:59:59.999999999,1210,12,10,775,10,6,77,1,2
2010-09-13/2010-09-19,465,2010-09-13 00:00:00.000000000,2010-09-19 23:59:59.999999999,1202,14,22,769,8,14,76,1,2
2010-09-20/2010-09-26,466,2010-09-20 00:00:00.000000000,2010-09-26 23:59:59.999999999,1204,11,9,772,8,5,77,1,0
2010-09-27/2010-10-03,467,2010-09-27 00:00:00.000000000,2010-10-03 23:59:59.999999999,1206,11,9,771,6,7,78,2,1
2010-10-04/2010-10-10,468,2010-10-04 00:00:00.000000000,2010-10-10 23:59:59.999999999,1209,11,8,774,8,5,77,0,1
2010-10-11/2010-10-17,469,2010-10-11 00:00:00.000000000,2010-10-17 23:59:59.999999999,1213,14,10,774,8,8,78,2,1
2010-10-18/2010-10-24,470,2010-10-18 00:00:00.000000000,2010-10-24 23:59:59.999999999,1217,17,13,778,12,8,78,1,1
2010-10-25/2010-10-31,471,2010-10-25 00:00:00.000000000,2010-10-31 23:59:59.999999999,1219,20,18,778,13,13,77,2,3
2010-11-01/2010-11-07,472,2010-11-01 00:00:00.000000000,2010-11-07 23:59:59.999999999,1226,19,12,789,18,7,75,0,2
2010-11-08/2010-11-14,473,2010-11-08 00:00:00.000000000,2010-11-14 23:59:59.999999999,1228,8,6,790,6,5,76,1,0
2010-11-15/2010-11-21,474,2010-11-15 00:00:00.000000000,2010-11-21 23:59:59.999999999,1235,13,6,795,9,4,77,2,1
2010-11-22/2010-11-28,475,2010-11-22 00:00:00.000000000,2010-11-28 23:59:59.999999999,1235,19,19,795,13,13,77,2,2
2010-11-29/2010-12-05,476,2010-11-29 00:00:00.000000000,2010-12-05 23:59:59.999999999,1237,22,20,797,15,13,78,3,2
2010-12-06/2010-12-12,477,2010-12-06 00:00:00.000000000,2010-12-12 23:59:59.999999999,1221,20,36,792,18,23,76,0,2
2010-12-13/2010-12-19,478,2010-12-13 00:00:00.000000000,2010-12-19 23:59:59.999999999,1226,15,10,797,11,6,76,1,1
2010-12-20/2010-12-26,479,2010-12-20 00:00:00.000000000,2010-12-26 23:59:59.999999999,1225,3,4,796,2,3,76,0,0
2010-12-27/2011-01-02,480,2010-12-27 00:00:00.000000000,2011-01-02 23:59:59.999999999,1224,0,1,795,0,1,76,0,0
2011-01-03/2011-01-09,481,2011-01-03 00:00:00.000000000,2011-01-09 23:59:59.999999999,1227,8,5,797,7,5,76,0,0
2011-01-10/2011-01-16,482,2011-01-10 00:00:00.000000000,2011-01-16 23:59:59.999999999,1240,20,7,805,13,5,81,5,0
2011-01-17/2011-01-23,483,2011-01-17 00:00:00.000000000,2011-01-23 23:59:59.999999999,1245,13,8,806,9,8,83,2,0
2011-01-24/2011-01-30,484,2011-01-24 00:00:00.000000000,2011-01-30 23:59:59.999999999,1220,13,38,785,9,30,82,2,3
2011-01-31/2011-02-06,485,2011-01-31 00:00:00.000000000,2011-02-06 23:59:59.999999999,1214,15,21,777,8,16,84,3,1
2011-02-07/2011-02-13,486,2011-02-07 00:00:00.000000000,2011-02-13 23:59:59.999999999,1217,9,6,778,7,6,86,2,0
2011-02-14/2011-02-20,487,2011-02-14 00:00:00.000000000,2011-02-20 23:59:59.999999999,1219,13,11,782,11,7,85,2,3
2011-02-21/2011-02-27,488,2011-02-21 00:00:00.000000000,2011-02-27 23:59:59.999999999,1223,16,12,786,10,6,84,3,4
2011-02-28/2011-03-06,489,2011-02-28 00:00:00.000000000,2011-03-06 23:59:59.999999999,1225,18,16,791,15,10,82,1,3
2011-03-07/2011-03-13,490,2011-03-07 00:00:00.000000000,2011-03-13 23:59:59.999999999,1213,4,16,781,1,11,82,0,0
2011-03-14/2011-03-20,491,2011-03-14 00:00:00.000000000,2011-03-20 23:59:59.999999999,1213,14,14,781,8,8,82,0,0
2011-03-21/2011-03-27,492,2011-03-21 00:00:00.000000000,2011-03-27 23:59:59.999999999,1211,9,11,779,3,5,82,1,1
2011-03-28/2011-04-03,493,2011-03-28 00:00:00.000000000,2011-04-03 23:59:59.999999999,1208,11,14,782,8,5,80,1,3
2011-04-04/2011-04-10,494,2011-04-04 00:00:00.000000000,2011-04-10 23:59:59.999999999,1208,12,12,784,8,6,81,2,1
2011-04-11/2011-04-17,495,2011-04-11 00:00:00.000000000,2011-04-17 23:59:59.999999999,1208,21,21,788,15,11,81,2,2
2011-04-18/2011-04-24,496,2011-04-18 00:00:00.000000000,2011-04-24 23:59:59.999999999,1206,7,9,785,4,7,82,3,2
2011-04-25/2011-05-01,497,2011-04-25 00:00:00.000000000,2011-05-01 23:59:59.999999999,1201,18,23,783,18,20,81,0,1
2011-05-02/2011-05-08,498,2011-05-02 00:00:00.000000000,2011-05-08 23:59:59.999999999,1209,28,20,792,21,12,82,2,1
2011-05-09/2011-05-15,499,2011-05-09 00:00:00.000000000,2011-05-15 23:59:59.999999999,1212,11,8,798,9,3,79,1,4
2011-05-16/2011-05-22,500,2011-05-16 00:00:00.000000000,2011-05-22 23:59:59.999999999,1193,21,40,782,15,31,77,4,6
2011-05-23/2011-05-29,501,2011-05-23 00:00:00.000000000,2011-05-29 23:59:59.999999999,1186,11,18,782,7,7,75,2,4
2011-05-30/2011-06-05,502,2011-05-30 00:00:00.000000000,2011-06-05 23:59:59.999999999,1186,9,9,786,6,2,72,1,4
2011-06-06/2011-06-12,503,2011-06-06 00:00:00.000000000,2011-06-12 23:59:59.999999999,1103,5,88,734,3,55,68,0,4
2011-06-13/2011-06-19,504,2011-06-13 00:00:00.000000000,2011-06-19 23:59:59.999999999,1032,5,76,693,3,44,68,0,0
2011-06-20/2011-06-26,505,2011-06-20 00:00:00.000000000,2011-06-26 23:59:59.999999999,1032,10,10,696,8,5,69,1,0
2011-06-27/2011-07-03,506,2011-06-27 00:00:00.000000000,2011-07-03 23:59:59.999999999,1038,9,3,701,6,1,71,2,0
2011-07-04/2011-07-10,507,2011-07-04 00:00:00.000000000,2011-07-10 23:59:59.999999999,1042,15,11,705,8,4,69,1,3
2011-07-11/2011-07-17,508,2011-07-11 00:00:00.000000000,2011-07-17 23:59:59.999999999,1048,9,3,710,7,2,69,1,1
2011-07-18/2011-07-24,509,2011-07-18 00:00:00.000000000,2011-07-24 23:59:59.999999999,1052,8,4,712,5,3,71,2,0
2011-07-25/2011-07-31,510,2011-07-25 00:00:00.000000000,2011-07-31 23:59:59.999999999,1051,5,6,713,4,3,70,0,1
2011-08-01/2011-08-07,511,2011-08-01 00:00:00.000000000,2011-08-07 23:59:59.999999999,1050,14,15,713,10,10,71,1,0
2011-08-08/2011-08-14,512,2011-08-08 00:00:00.000000000,2011-08-14 23:59:59.999999999,1052,12,10,715,9,7,71,2,2
2011-08-15/2011-08-21,513,2011-08-15 00:00:00.000000000,2011-08-21 23:59:59.999999999,1059,12,5,721,8,2,72,1,0
2011-08-22/2011-08-28,514,2011-08-22 00:00:00.000000000,2011-08-28 23:59:59.999999999,1059,11,11,722,10,9,72,0,0
2011-08-29/2011-09-04,515,2011-08-29 00:00:00.000000000,2011-09-04 23:59:59.999999999,1057,4,6,720,3,5,71,0,1
2011-09-05/2011-09-11,516,2011-09-05 00:00:00.000000000,2011-09-11 23:59:59.999999999,1060,4,1,721,2,1,72,1,0
2011-09-12/2011-09-18,517,2011-09-12 00:00:00.000000000,2011-09-18 23:59:59.999999999,1052,7,15,715,5,11,72,0,0
2011-09-19/2011-09-25,518,2011-09-19 00:00:00.000000000,2011-09-25 23:59:59.999999999,1051,5,6,712,3,6,74,2,0
2011-09-26/2011-10-02,519,2011-09-26 00:00:00.000000000,2011-10-02 23:59:59.999999999,1054,7,4,714,4,2,74,1,1
2011-10-03/2011-10-09,520,2011-10-03 00:00:00.000000000,2011-10-09 23:59:59.999999999,1056,9,7,715,7,6,74,0,0
2011-10-10/2011-10-16,521,2011-10-10 00:00:00.000000000,2011-10-16 23:59:59.999999999,1059,5,2,718,4,1,74,0,0
2011-10-17/2011-10-23,522,2011-10-17 00:00:00.000000000,2011-10-23 23:59:59.999999999,1065,7,1,724,7,1,74,0,0
2011-10-24/2011-10-30,523,2011-10-24 00:00:00.000000000,2011-10-30 23:59:59.999999999,1052,5,18,718,5,11,72,0,2
2011-10-31/2011-11-06,524,2011-10-31 00:00:00.000000000,2011-11-06 23:59:59.999999999,1055,8,5,721,6,3,72,0,0
2011-11-07/2011-11-13,525,2011-11-07 00:00:00.000000000,2011-11-13 23:59:59.999999999,1056,6,5,721,3,3,72,1,1
2011-11-14/2011-11-20,526,2011-11-14 00:00:00.000000000,2011-11-20 23:59:59.999999999,1065,13,4,728,8,1,72,1,1
2011-11-21/2011-11-27,527,2011-11-21 00:00:00.000000000,2011-11-27 23:59:59.999999999,1060,6,11,724,2,6,72,2,2
2011-11-28/2011-12-04,528,2011-11-28 00:00:00.000000000,2011-12-04 23:59:59.999999999,1062,10,8,725,8,7,72,0,0
2011-12-05/2011-12-11,529,2011-12-05 00:00:00.000000000,2011-12-11 23:59:59.999999999,1059,10,13,723,8,10,72,0,0
2011-12-12/2011-12-18,530,2011-12-12 00:00:00.000000000,2011-12-18 23:59:59.999999999,1056,8,11,719,6,10,73,2,1
2011-12-19/2011-12-25,531,2011-12-19 00:00:00.000000000,2011-12-25 23:59:59.999999999,1060,8,4,721,5,3,74,1,0
2011-12-26/2012-01-01,532,2011-12-26 00:00:00.000000000,2012-01-01 23:59:59.999999999,1062,3,1,722,2,1,74,0,0
2012-01-02/2012-01-08,533,2012-01-02 00:00:00.000000000,2012-01-08 23:59:59.999999999,1070,11,3,729,9,2,74,0,0
2012-01-09/2012-01-15,534,2012-01-09 00:00:00.000000000,2012-01-15 23:59:59.999999999,1068,6,8,729,5,5,74,0,0
2012-01-16/2012-01-22,535,2012-01-16 00:00:00.000000000,2012-01-22 23:59:59.999999999,1060,8,16,722,7,14,73,0,1
2012-01-23/2012-01-29,536,2012-01-23 00:00:00.000000000,2012-01-29 23:59:59.999999999,1047,12,25,713,10,19,71,1,3
2012-01-30/2012-02-05,537,2012-01-30 00:00:00.000000000,2012-02-05 23:59:59.999999999,1046,8,9,710,4,7,73,2,0
2012-02-06/2012-02-12,538,2012-02-06 00:00:00.000000000,2012-02-12 23:59:59.999999999,1049,7,4,711,5,4,73,0,0
2012-02-13/2012-02-19,539,2012-02-13 00:00:00.000000000,2012-02-19 23:59:59.999999999,1047,7,9,712,5,4,70,1,4
2012-02-20/2012-02-26,540,2012-02-20 00:00:00.000000000,2012-02-26 23:59:59.999999999,1044,5,8,708,2,6,70,0,0
2012-02-27/2012-03-04,541,2012-02-27 00:00:00.000000000,2012-03-04 23:59:59.999999999,1028,8,24,698,5,15,69,2,3
2012-03-05/2012-03-11,542,2012-03-05 00:00:00.000000000,2012-03-11 23:59:59.999999999,1027,8,9,698,6,6,69,0,0
2012-03-12/2012-03-18,543,2012-03-12 00:00:00.000000000,2012-03-18 23:59:59.999999999,1027,4,4,699,4,3,69,0,0
2012-03-19/2012-03-25,544,2012-03-19 00:00:00.000000000,2012-03-25 23:59:59.999999999,1027,4,4,697,2,4,69,0,0
2012-03-26/2012-04-01,545,2012-03-26 00:00:00.000000000,2012-04-01 23:59:59.999999999,1026,5,6,696,3,4,69,1,1
2012-04-02/2012-04-08,546,2012-04-02 00:00:00.000000000,2012-04-08 23:59:59.999999999,1031,9,4,700,7,3,69,1,1
2012-04-09/2012-04-15,547,2012-04-09 00:00:00.000000000,2012-04-15 23:59:59.999999999,1029,3,5,697,1,4,69,1,1
2012-04-16/2012-04-22,548,2012-04-16 00:00:00.000000000,2012-04-22 23:59:59.999999999,1031,7,5,697,4,4,70,1,0
2012-04-23/2012-04-29,549,2012-04-23 00:00:00.000000000,2012-04-29 23:59:59.999999999,1032,6,5,699,3,1,70,2,2
2012-04-30/2012-05-06,550,2012-04-30 00:00:00.000000000,2012-05-06 23:59:59.999999999,1038,8,2,704,6,1,70,1,1
2012-05-07/2012-05-13,551,2012-05-07 00:00:00.000000000,2012-05-13 23:59:59.999999999,1029,10,19,695,7,16,71,2,1
2012-05-14/2012-05-20,552,2012-05-14 00:00:00.000000000,2012-05-20 23:59:59.999999999,1025,7,11,692,5,8,71,1,1
2012-05-21/2012-05-27,553,2012-05-21 00:00:00.000000000,2012-05-27 23:59:59.999999999,1022,7,10,690,6,8,71,1,1
2012-05-28/2012-06-03,554,2012-05-28 00:00:00.000000000,2012-06-03 23:59:59.999999999,1019,8,11,686,6,10,70,0,1
2012-06-04/2012-06-10,555,2012-06-04 00:00:00.000000000,2012-06-10 23:59:59.999999999,1023,16,12,686,9,9,71,2,1
2012-06-11/2012-06-17,556,2012-06-11 00:00:00.000000000,2012-06-17 23:59:59.999999999,1019,4,8,682,1,5,72,1,0
2012-06-18/2012-06-24,557,2012-06-18 00:00:00.000000000,2012-06-24 23:59:59.999999999,1017,4,6,681,3,4,72,0,0
2012-06-25/2012-07-01,558,2012-06-25 00:00:00.000000000,2012-07-01 23:59:59.999999999,1020,6,3,683,4,2,72,1,1
2012-07-02/2012-07-08,559,2012-07-02 00:00:00.000000000,2012-07-08 23:59:59.999999999,1019,3,4,684,2,1,71,0,1
2012-07-09/2012-07-15,560,2012-07-09 00:00:00.000000000,2012-07-15 23:59:59.999999999,1024,9,4,687,6,3,73,2,0
2012-07-16/2012-07-22,561,2012-07-16 00:00:00.000000000,2012-07-22 23:59:59.999999999,1023,4,5,685,2,4,74,1,0
2012-07-23/2012-07-29,562,2012-07-23 00:00:00.000000000,2012-07-29 23:59:59.999999999,1023,2,2,684,0,1,73,0,1
2012-07-30/2012-08-05,563,2012-07-30 00:00:00.000000000,2012-08-05 23:59:59.999999999,1023,3,3,684,3,3,73,0,0
2012-08-06/2012-08-12,564,2012-08-06 00:00:00.000000000,2012-08-12 23:59:59.999999999,1017,7,13,685,5,4,74,2,1
2012-08-13/2012-08-19,565,2012-08-13 00:00:00.000000000,2012-08-19 23:59:59.999999999,1021,6,2,689,6,2,74,0,0
2012-08-20/2012-08-26,566,2012-08-20 00:00:00.000000000,2012-08-26 23:59:59.999999999,1025,7,3,689,2,2,75,1,0
2012-08-27/2012-09-02,567,2012-08-27 00:00:00.000000000,2012-09-02 23:59:59.999999999,1023,6,8,690,5,4,75,0,0
2012-09-03/2012-09-09,568,2012-09-03 00:00:00.000000000,2012-09-09 23:59:59.999999999,1014,1,10,686,1,5,71,0,4
2012-09-10/2012-09-16,569,2012-09-10 00:00:00.000000000,2012-09-16 23:59:59.999999999,1012,7,9,685,6,7,71,0,0
2012-09-17/2012-09-23,570,2012-09-17 00:00:00.000000000,2012-09-23 23:59:59.999999999,1011,5,6,684,3,4,71,0,0
2012-09-24/2012-09-30,571,2012-09-24 00:00:00.000000000,2012-09-30 23:59:59.999999999,1011,10,10,685,8,7,71,1,1
2012-10-01/2012-10-07,572,2012-10-01 00:00:00.000000000,2012-10-07 23:59:59.999999999,1012,6,5,682,2,5,74,3,0
2012-10-08/2012-10-14,573,2012-10-08 00:00:00.000000000,2012-10-14 23:59:59.999999999,1012,4,4,684,4,2,74,0,0
2012-10-15/2012-10-21,574,2012-10-15 00:00:00.000000000,2012-10-21 23:59:59.999999999,1013,9,8,684,7,7,75,1,0
2012-10-22/2012-10-28,575,2012-10-22 00:00:00.000000000,2012-10-28 23:59:59.999999999,1013,8,8,684,5,5,74,2,3
2012-10-29/2012-11-04,576,2012-10-29 00:00:00.000000000,2012-11-04 23:59:59.999999999,1006,10,17,680,6,10,72,2,4
2012-11-05/2012-11-11,577,2012-11-05 00:00:00.000000000,2012-11-11 23:59:59.999999999,1003,9,12,683,9,6,70,0,2
2012-11-12/2012-11-18,578,2012-11-12 00:00:00.000000000,2012-11-18 23:59:59.999999999,1003,7,7,681,4,6,71,1,0
2012-11-19/2012-11-25,579,2012-11-19 00:00:00.000000000,2012-11-25 23:59:59.999999999,1003,8,8,682,7,6,71,1,1
2012-11-26/2012-12-02,580,2012-11-26 00:00:00.000000000,2012-12-02 23:59:59.999999999,999,4,8,681,3,4,70,0,1
2012-12-03/2012-12-09,581,2012-12-03 00:00:00.000000000,2012-12-09 23:59:59.999999999,1000,11,10,682,7,6,70,3,3
2012-12-10/2012-12-16,582,2012-12-10 00:00:00.000000000,2012-12-16 23:59:59.999999999,995,10,15,676,7,13,72,2,0
2012-12-17/2012-12-23,583,2012-12-17 00:00:00.000000000,2012-12-23 23:59:59.999999999,997,3,1,678,3,1,72,0,0
2012-12-24/2012-12-30,584,2012-12-24 00:00:00.000000000,2012-12-30 23:59:59.999999999,997,0,0,678,0,0,72,0,0
2012-12-31/2013-01-06,585,2012-12-31 00:00:00.000000000,2013-01-06 23:59:59.999999999,997,8,8,676,4,6,74,2,0
2013-01-07/2013-01-13,586,2013-01-07 00:00:00.000000000,2013-01-13 23:59:59.999999999,990,5,12,674,4,6,73,0,1
2013-01-14/2013-01-20,587,2013-01-14 00:00:00.000000000,2013-01-20 23:59:59.999999999,992,12,10,674,7,7,74,3,2
2013-01-21/2013-01-27,588,2013-01-21 00:00:00.000000000,2013-01-27 23:59:59.999999999,990,7,9,671,4,7,74,2,2
2013-01-28/2013-02-03,589,2013-01-28 00:00:00.000000000,2013-02-03 23:59:59.999999999,975,3,18,660,3,14,74,0,0
2013-02-04/2013-02-10,590,2013-02-04 00:00:00.000000000,2013-02-10 23:59:59.999999999,977,14,12,661,9,8,75,3,2
2013-02-11/2013-02-17,591,2013-02-11 00:00:00.000000000,2013-02-17 23:59:59.999999999,977,6,6,661,6,6,75,0,0
2013-02-18/2013-02-24,592,2013-02-18 00:00:00.000000000,2013-02-24 23:59:59.999999999,976,11,12,663,9,7,74,2,3
2013-02-25/2013-03-03,593,2013-02-25 00:00:00.000000000,2013-03-03 23:59:59.999999999,973,9,12,660,6,9,74,2,2
2013-03-04/2013-03-10,594,2013-03-04 00:00:00.000000000,2013-03-10 23:59:59.999999999,975,7,5,660,5,5,75,1,0
2013-03-11/2013-03-17,595,2013-03-11 00:00:00.000000000,2013-03-17 23:59:59.999999999,979,7,3,664,6,2,75,1,1
2013-03-18/2013-03-24,596,2013-03-18 00:00:00.000000000,2013-03-24 23:59:59.999999999,974,11,16,662,7,9,75,1,1
2013-03-25/2013-03-31,597,2013-03-25 00:00:00.000000000,2013-03-31 23:59:59.999999999,974,5,5,662,4,4,76,1,0
2013-04-01/2013-04-07,598,2013-04-01 00:00:00.000000000,2013-04-07 23:59:59.999999999,974,9,9,664,6,4,76,2,2
2013-04-08/2013-04-14,599,2013-04-08 00:00:00.000000000,2013-04-14 23:59:59.999999999,985,14,3,675,14,3,76,0,0
2013-04-15/2013-04-21,600,2013-04-15 00:00:00.000000000,2013-04-21 23:59:59.999999999,990,11,6,679,8,4,76,1,1
2013-04-22/2013-04-28,601,2013-04-22 00:00:00.000000000,2013-04-28 23:59:59.999999999,982,5,13,676,4,7,74,0,2
2013-04-29/2013-05-05,602,2013-04-29 00:00:00.000000000,2013-05-05 23:59:59.999999999,962,9,29,659,8,25,73,0,1
2013-05-06/2013-05-12,603,2013-05-06 00:00:00.000000000,2013-05-12 23:59:59.999999999,965,11,8,661,8,6,73,0,0
2013-05-13/2013-05-19,604,2013-05-13 00:00:00.000000000,2013-05-19 23:59:59.999999999,965,10,10,662,8,7,73,1,1
2013-05-20/2013-05-26,605,2013-05-20 00:00:00.000000000,2013-05-26 23:59:59.999999999,963,10,12,658,6,10,73,0,0
2013-05-27/2013-06-02,606,2013-05-27 00:00:00.000000000,2013-06-02 23:59:59.999999999,966,13,10,665,13,6,71,0,2
2013-06-03/2013-06-09,607,2013-06-03 00:00:00.000000000,2013-06-09 23:59:59.999999999,969,7,4,667,6,4,71,0,0
2013-06-10/2013-06-16,608,2013-06-10 00:00:00.000000000,2013-06-16 23:59:59.999999999,971,7,5,669,5,3,70,0,1
2013-06-17/2013-06-23,609,2013-06-17 00:00:00.000000000,2013-06-23 23:59:59.999999999,971,6,6,669,4,4,70,1,1
2013-06-24/2013-06-30,610,2013-06-24 00:00:00.000000000,2013-06-30 23:59:59.999999999,970,7,8,667,5,7,70,1,1
2013-07-01/2013-07-07,611,2013-07-01 00:00:00.000000000,2013-07-07 23:59:59.999999999,973,4,1,670,4,1,70,0,0
2013-07-08/2013-07-14,612,2013-07-08 00:00:00.000000000,2013-07-14 23:59:59.999999999,970,6,9,669,4,5,70,0,0
2013-07-15/2013-07-21,613,2013-07-15 00:00:00.000000000,2013-07-21 23:59:59.999999999,972,2,0,671,2,0,70,0,0
2013-07-22/2013-07-28,614,2013-07-22 00:00:00.000000000,2013-07-28 23:59:59.999999999,974,2,0,673,2,0,70,0,0
2013-07-29/2013-08-04,615,2013-07-29 00:00:00.000000000,2013-08-04 23:59:59.999999999,978,15,11,677,11,7,70,0,0
2013-08-05/2013-08-11,616,2013-08-05 00:00:00.000000000,2013-08-11 23:59:59.999999999,961,3,20,662,3,18,70,0,0
2013-08-12/2013-08-18,617,2013-08-12 00:00:00.000000000,2013-08-18 23:59:59.999999999,960,8,9,659,5,8,71,1,0
2013-08-19/2013-08-25,618,2013-08-19 00:00:00.000000000,2013-08-25 23:59:59.999999999,965,13,8,659,7,7,72,1,0
2013-08-26/2013-09-01,619,2013-08-26 00:00:00.000000000,2013-09-01 23:59:59.999999999,963,5,7,658,5,6,72,0,0
2013-09-02/2013-09-08,620,2013-09-02 00:00:00.000000000,2013-09-08 23:59:59.999999999,955,5,13,650,3,11,72,0,0
2013-09-09/2013-09-15,621,2013-09-09 00:00:00.000000000,2013-09-15 23:59:59.999999999,953,8,10,650,5,5,74,3,1
2013-09-16/2013-09-22,622,2013-09-16 00:00:00.000000000,2013-09-22 23:59:59.999999999,945,5,13,649,2,3,72,1,3
2013-09-23/2013-09-29,623,2013-09-23 00:00:00.000000000,2013-09-29 23:59:59.999999999,941,3,7,645,1,5,72,0,0
2013-09-30/2013-10-06,624,2013-09-30 00:00:00.000000000,2013-10-06 23:59:59.999999999,938,7,10,645,6,6,72,1,1
2013-10-07/2013-10-13,625,2013-10-07 00:00:00.000000000,2013-10-13 23:59:59.999999999,930,3,11,640,2,7,71,0,1
2013-10-14/2013-10-20,626,2013-10-14 00:00:00.000000000,2013-10-20 23:59:59.999999999,933,6,3,642,3,1,74,3,0
2013-10-21/2013-10-27,627,2013-10-21 00:00:00.000000000,2013-10-27 23:59:59.999999999,939,7,1,646,5,1,74,0,0
2013-10-28/2013-11-03,628,2013-10-28 00:00:00.000000000,2013-11-03 23:59:59.999999999,939,6,6,646,5,5,74,0,0
2013-11-04/2013-11-10,629,2013-11-04 00:00:00.000000000,2013-11-10 23:59:59.999999999,934,4,9,643,2,5,73,0,1
2013-11-11/2013-11-17,630,2013-11-11 00:00:00.000000000,2013-11-17 23:59:59.999999999,935,8,7,643,3,3,74,1,0
2013-11-18/2013-11-24,631,2013-11-18 00:00:00.000000000,2013-11-24 23:59:59.999999999,938,5,2,644,2,1,76,2,0
2013-11-25/2013-12-01,632,2013-11-25 00:00:00.000000000,2013-12-01 23:59:59.999999999,937,2,3,644,2,2,75,0,1
2013-12-02/2013-12-08,633,2013-12-02 00:00:00.000000000,2013-12-08 23:59:59.999999999,939,10,8,646,7,5,75,0,0
2013-12-09/2013-12-15,634,2013-12-09 00:00:00.000000000,2013-12-15 23:59:59.999999999,933,0,6,643,0,3,74,0,1
2013-12-16/2013-12-22,635,2013-12-16 00:00:00.000000000,2013-12-22 23:59:59.999999999,936,8,5,643,5,5,75,1,0
2013-12-23/2013-12-29,636,2013-12-23 00:00:00.000000000,2013-12-29 23:59:59.999999999,936,0,0,643,0,0,75,0,0
2013-12-30/2014-01-05,637,2013-12-30 00:00:00.000000000,2014-01-05 23:59:59.999999999,937,2,1,644,1,0,74,0,1
2014-01-06/2014-01-12,638,2014-01-06 00:00:00.000000000,2014-01-12 23:59:59.999999999,933,3,7,642,3,5,74,0,0
2014-01-13/2014-01-19,639,2014-01-13 00:00:00.000000000,2014-01-19 23:59:59.999999999,931,0,2,640,0,2,74,0,0
2014-01-20/2014-01-26,640,2014-01-20 00:00:00.000000000,2014-01-26 23:59:59.999999999,918,13,26,627,3,16,74,0,0
2014-01-27/2014-02-02,641,2014-01-27 00:00:00.000000000,2014-02-02 23:59:59.999999999,919,7,6,627,4,4,75,2,1
2014-02-03/2014-02-09,642,2014-02-03 00:00:00.000000000,2014-02-09 23:59:59.999999999,926,12,5,630,6,3,75,0,0
2014-02-10/2014-02-16,643,2014-02-10 00:00:00.000000000,2014-02-16 23:59:59.999999999,934,8,0,637,7,0,75,0,0
2014-02-17/2014-02-23,644,2014-02-17 00:00:00.000000000,2014-02-23 23:59:59.999999999,933,11,12,637,8,8,75,0,0
2014-02-24/2014-03-02,645,2014-02-24 00:00:00.000000000,2014-03-02 23:59:59.999999999,941,16,8,643,13,7,75,0,0
2014-03-03/2014-03-09,646,2014-03-03 00:00:00.000000000,2014-03-09 23:59:59.999999999,931,7,17,635,3,11,74,2,3
2014-03-10/2014-03-16,647,2014-03-10 00:00:00.000000000,2014-03-16 23:59:59.999999999,931,6,6,637,6,4,73,0,1
2014-03-17/2014-03-23,648,2014-03-17 00:00:00.000000000,2014-03-23 23:59:59.999999999,933,9,7,640,8,5,73,1,1
2014-03-24/2014-03-30,649,2014-03-24 00:00:00.000000000,2014-03-30 23:59:59.999999999,933,11,11,641,6,5,73,0,0
2014-03-31/2014-04-06,650,2014-03-31 00:00:00.000000000,2014-04-06 23:59:59.999999999,935,9,7,643,7,5,73,0,0
2014-04-07/2014-04-13,651,2014-04-07 00:00:00.000000000,2014-04-13 23:59:59.999999999,939,11,7,649,10,4,73,0,0
2014-04-14/2014-04-20,652,2014-04-14 00:00:00.000000000,2014-04-20 23:59:59.999999999,941,5,3,650,4,3,74,1,0
2014-04-21/2014-04-27,653,2014-04-21 00:00:00.000000000,2014-04-27 23:59:59.999999999,940,6,7,651,4,3,74,1,1
2014-04-28/2014-05-04,654,2014-04-28 00:00:00.000000000,2014-05-04 23:59:59.999999999,931,8,17,646,7,12,73,0,1
2014-05-05/2014-05-11,655,2014-05-05 00:00:00.000000000,2014-05-11 23:59:59.999999999,938,17,10,651,13,8,73,0,0
2014-05-12/2014-05-18,656,2014-05-12 00:00:00.000000000,2014-05-18 23:59:59.999999999,929,6,15,645,6,12,73,0,0
2014-05-19/2014-05-25,657,2014-05-19 00:00:00.000000000,2014-05-25 23:59:59.999999999,930,12,11,647,9,7,74,1,0
2014-05-26/2014-06-01,658,2014-05-26 00:00:00.000000000,2014-06-01 23:59:59.999999999,931,6,5,648,5,4,74,1,1
2014-06-02/2014-06-08,659,2014-06-02 00:00:00.000000000,2014-06-08 23:59:59.999999999,932,8,7,649,6,5,73,1,2
2014-06-09/2014-06-15,660,2014-06-09 00:00:00.000000000,2014-06-15 23:59:59.999999999,933,4,3,650,3,2,73,0,0
2014-06-16/2014-06-22,661,2014-06-16 00:00:00.000000000,2014-06-22 23:59:59.999999999,938,6,1,652,3,1,73,0,0
2014-06-23/2014-06-29,662,2014-06-23 00:00:00.000000000,2014-06-29 23:59:59.999999999,946,9,1,656,5,1,76,3,0
2014-06-30/2014-07-06,663,2014-06-30 00:00:00.000000000,2014-07-06 23:59:59.999999999,950,11,7,658,5,3,75,0,1
2014-07-07/2014-07-13,664,2014-07-07 00:00:00.000000000,2014-07-13 23:59:59.999999999,954,10,6,660,5,3,76,2,1
2014-07-14/2014-07-20,665,2014-07-14 00:00:00.000000000,2014-07-20 23:59:59.999999999,955,3,2,662,3,1,76,0,0
2014-07-21/2014-07-27,666,2014-07-21 00:00:00.000000000,2014-07-27 23:59:59.999999999,957,6,4,665,5,2,75,0,1
2014-07-28/2014-08-03,667,2014-07-28 00:00:00.000000000,2014-08-03 23:59:59.999999999,958,5,4,666,2,1,76,1,0
2014-08-04/2014-08-10,668,2014-08-04 00:00:00.000000000,2014-08-10 23:59:59.999999999,962,6,2,670,4,0,76,1,1
2014-08-11/2014-08-17,669,2014-08-11 00:00:00.000000000,2014-08-17 23:59:59.999999999,954,12,20,664,8,14,74,1,3
2014-08-18/2014-08-24,670,2014-08-18 00:00:00.000000000,2014-08-24 23:59:59.999999999,957,3,0,667,3,0,74,0,0
2014-08-25/2014-08-31,671,2014-08-25 00:00:00.000000000,2014-08-31 23:59:59.999999999,957,10,10,666,9,10,74,0,0
2014-09-01/2014-09-07,672,2014-09-01 00:00:00.000000000,2014-09-07 23:59:59.999999999,950,6,13,663,3,6,75,2,1
2014-09-08/2014-09-14,673,2014-09-08 00:00:00.000000000,2014-09-14 23:59:59.999999999,955,8,3,665,5,3,78,3,0
2014-09-15/2014-09-21,674,2014-09-15 00:00:00.000000000,2014-09-21 23:59:59.999999999,947,6,14,662,3,6,78,3,3
2014-09-22/2014-09-28,675,2014-09-22 00:00:00.000000000,2014-09-28 23:59:59.999999999,951,5,1,667,5,0,78,0,0
2014-09-29/2014-10-05,676,2014-09-29 00:00:00.000000000,2014-10-05 23:59:59.999999999,948,2,5,665,2,4,77,0,1
2014-10-06/2014-10-12,677,2014-10-06 00:00:00.000000000,2014-10-12 23:59:59.999999999,947,10,11,666,8,7,76,0,1
2014-10-13/2014-10-19,678,2014-10-13 00:00:00.000000000,2014-10-19 23:59:59.999999999,947,2,2,667,2,1,76,0,0
2014-10-20/2014-10-26,679,2014-10-20 00:00:00.000000000,2014-10-26 23:59:59.999999999,946,4,5,666,3,4,76,0,0
2014-10-27/2014-11-02,680,2014-10-27 00:00:00.000000000,2014-11-02 23:59:59.999999999,946,6,6,662,2,6,76,0,0
2014-11-03/2014-11-09,681,2014-11-03 00:00:00.000000000,2014-11-09 23:59:59.999999999,947,7,6,662,5,5,77,1,0
2014-11-10/2014-11-16,682,2014-11-10 00:00:00.000000000,2014-11-16 23:59:59.999999999,950,7,4,665,6,3,77,1,1
2014-11-17/2014-11-23,683,2014-11-17 00:00:00.000000000,2014-11-23 23:59:59.999999999,953,5,2,668,4,1,77,1,1
2014-11-24/2014-11-30,684,2014-11-24 00:00:00.000000000,2014-11-30 23:59:59.999999999,953,8,8,667,7,8,77,0,0
2014-12-01/2014-12-07,685,2014-12-01 00:00:00.000000000,2014-12-07 23:59:59.999999999,956,7,4,672,7,2,76,0,1
2014-12-08/2014-12-14,686,2014-12-08 00:00:00.000000000,2014-12-14 23:59:59.999999999,954,7,9,668,1,5,77,2,1
2014-12-15/2014-12-21,687,2014-12-15 00:00:00.000000000,2014-12-21 23:59:59.999999999,949,3,8,664,2,6,77,0,0
2014-12-22/2014-12-28,688,2014-12-22 00:00:00.000000000,2014-12-28 23:59:59.999999999,950,1,0,665,1,0,77,0,0
2014-12-29/2015-01-04,689,2014-12-29 00:00:00.000000000,2015-01-04 23:59:59.999999999,953,3,0,666,1,0,78,1,0
2015-01-05/2015-01-11,690,2015-01-05 00:00:00.000000000,2015-01-11 23:59:59.999999999,952,5,6,666,3,3,79,1,0
2015-01-12/2015-01-18,691,2015-01-12 00:00:00.000000000,2015-01-18 23:59:59.999999999,950,4,6,664,2,4,79,0,0
2015-01-19/2015-01-25,692,2015-01-19 00:00:00.000000000,2015-01-25 23:59:59.999999999,950,10,10,666,8,6,79,0,0
2015-01-26/2015-02-01,693,2015-01-26 00:00:00.000000000,2015-02-01 23:59:59.999999999,942,3,11,662,1,5,77,1,3
2015-02-02/2015-02-08,694,2015-02-02 00:00:00.000000000,2015-02-08 23:59:59.999999999,947,6,1,664,2,0,78,1,0
2015-02-09/2015-02-15,695,2015-02-09 00:00:00.000000000,2015-02-15 23:59:59.999999999,945,8,10,664,7,7,77,0,1
2015-02-16/2015-02-22,696,2015-02-16 00:00:00.000000000,2015-02-22 23:59:59.999999999,951,12,6,669,8,3,77,1,1
2015-02-23/2015-03-01,697,2015-02-23 00:00:00.000000000,2015-03-01 23:59:59.999999999,953,7,5,671,5,3,78,2,1
2015-03-02/2015-03-08,698,2015-03-02 00:00:00.000000000,2015-03-08 23:59:59.999999999,958,8,3,675,6,2,78,1,1
2015-03-09/2015-03-15,699,2015-03-09 00:00:00.000000000,2015-03-15 23:59:59.999999999,962,8,4,679,7,3,78,0,0
2015-03-16/2015-03-22,700,2015-03-16 00:00:00.000000000,2015-03-22 23:59:59.999999999,957,12,17,679,10,10,75,1,4
2015-03-23/2015-03-29,701,2015-03-23 00:00:00.000000000,2015-03-29 23:59:59.999999999,967,12,2,687,9,1,76,1,0
2015-03-30/2015-04-05,702,2015-03-30 00:00:00.000000000,2015-04-05 23:59:59.999999999,971,6,2,689,3,1,77,1,0
2015-04-06/2015-04-12,703,2015-04-06 00:00:00.000000000,2015-04-12 23:59:59.999999999,976,8,3,691,4,2,78,2,1
2015-04-13/2015-04-19,704,2015-04-13 00:00:00.000000000,2015-04-19 23:59:59.999999999,981,5,0,696,5,0,78,0,0
2015-04-20/2015-04-26,705,2015-04-20 00:00:00.000000000,2015-04-26 23:59:59.999999999,984,9,6,698,6,4,78,1,1
2015-04-27/2015-05-03,706,2015-04-27 00:00:00.000000000,2015-05-03 23:59:59.999999999,985,20,19,699,17,16,79,1,0
2015-05-04/2015-05-10,707,2015-05-04 00:00:00.000000000,2015-05-10 23:59:59.999999999,993,20,12,704,14,9,80,2,1
2015-05-11/2015-05-17,708,2015-05-11 00:00:00.000000000,2015-05-17 23:59:59.999999999,981,7,19,694,4,14,82,3,1
2015-05-18/2015-05-24,709,2015-05-18 00:00:00.000000000,2015-05-24 23:59:59.999999999,967,5,19,685,4,13,82,1,1
2015-05-25/2015-05-31,710,2015-05-25 00:00:00.000000000,2015-05-31 23:59:59.999999999,965,7,9,685,5,5,82,1,1
2015-06-01/2015-06-07,711,2015-06-01 00:00:00.000000000,2015-06-07 23:59:59.999999999,969,5,1,689,5,1,82,0,0
2015-06-08/2015-06-14,712,2015-06-08 00:00:00.000000000,2015-06-14 23:59:59.999999999,969,3,3,688,2,3,82,0,0
2015-06-15/2015-06-21,713,2015-06-15 00:00:00.000000000,2015-06-21 23:59:59.999999999,973,4,0,691,3,0,83,1,0
2015-06-22/2015-06-28,714,2015-06-22 00:00:00.000000000,2015-06-28 23:59:59.999999999,974,3,2,692,2,1,83,0,0
2015-06-29/2015-07-05,715,2015-06-29 00:00:00.000000000,2015-07-05 23:59:59.999999999,977,3,0,694,2,0,83,0,0
2015-07-06/2015-07-12,716,2015-07-06 00:00:00.000000000,2015-07-12 23:59:59.999999999,978,5,4,697,4,1,83,0,0
2015-07-13/2015-07-19,717,2015-07-13 00:00:00.000000000,2015-07-19 23:59:59.999999999,982,6,2,700,4,1,84,1,0
2015-07-20/2015-07-26,718,2015-07-20 00:00:00.000000000,2015-07-26 23:59:59.999999999,991,13,4,708,11,3,85,1,0
2015-07-27/2015-08-02,719,2015-07-27 00:00:00.000000000,2015-08-02 23:59:59.999999999,996,11,6,713,10,5,85,0,0
2015-08-03/2015-08-09,720,2015-08-03 00:00:00.000000000,2015-08-09 23:59:59.999999999,993,13,16,712,10,11,85,1,1
2015-08-10/2015-08-16,721,2015-08-10 00:00:00.000000000,2015-08-16 23:59:59.999999999,997,11,7,715,7,4,86,1,0
2015-08-17/2015-08-23,722,2015-08-17 00:00:00.000000000,2015-08-23 23:59:59.999999999,1006,12,3,724,11,2,86,0,0
2015-08-24/2015-08-30,723,2015-08-24 00:00:00.000000000,2015-08-30 23:59:59.999999999,1006,9,9,723,6,7,87,2,1
2015-08-31/2015-09-06,724,2015-08-31 00:00:00.000000000,2015-09-06 23:59:59.999999999,1003,2,5,722,1,2,87,1,1
2015-09-07/2015-09-13,725,2015-09-07 00:00:00.000000000,2015-09-13 23:59:59.999999999,997,5,11,719,4,7,86,1,2
2015-09-14/2015-09-20,726,2015-09-14 00:00:00.000000000,2015-09-20 23:59:59.999999999,997,19,19,723,18,14,87,1,0
2015-09-21/2015-09-27,727,2015-09-21 00:00:00.000000000,2015-09-27 23:59:59.999999999,1003,12,6,730,11,4,87,0,0
2015-09-28/2015-10-04,728,2015-09-28 00:00:00.000000000,2015-10-04 23:59:59.999999999,1003,0,0,730,0,0,87,0,0
2015-10-05/2015-10-11,729,2015-10-05 00:00:00.000000000,2015-10-11 23:59:59.999999999,1007,8,4,734,7,3,87,0,0
2015-10-12/2015-10-18,730,2015-10-12 00:00:00.000000000,2015-10-18 23:59:59.999999999,1012,10,5,738,8,4,88,1,0
2015-10-19/2015-10-25,731,2015-10-19 00:00:00.000000000,2015-10-25 23:59:59.999999999,1008,2,6,734,1,5,88,1,1
2015-10-26/2015-11-01,732,2015-10-26 00:00:00.000000000,2015-11-01 23:59:59.999999999,1000,10,18,727,10,17,87,0,1
2015-11-02/2015-11-08,733,2015-11-02 00:00:00.000000000,2015-11-08 23:59:59.999999999,1011,12,1,737,11,1,87,0,0
2015-11-09/2015-11-15,734,2015-11-09 00:00:00.000000000,2015-11-15 23:59:59.999999999,1026,15,0,750,13,0,88,1,0
2015-11-16/2015-11-22,735,2015-11-16 00:00:00.000000000,2015-11-22 23:59:59.999999999,1038,14,2,762,14,2,88,0,0
2015-11-23/2015-11-29,736,2015-11-23 00:00:00.000000000,2015-11-29 23:59:59.999999999,1036,2,4,759,1,4,88,0,0
2015-11-30/2015-12-06,737,2015-11-30 00:00:00.000000000,2015-12-06 23:59:59.999999999,1039,10,7,762,10,7,88,0,0
2015-12-07/2015-12-13,738,2015-12-07 00:00:00.000000000,2015-12-13 23:59:59.999999999,1010,10,39,734,8,36,89,1,0
2015-12-14/2015-12-20,739,2015-12-14 00:00:00.000000000,2015-12-20 23:59:59.999999999,1012,4,2,736,4,2,89,0,0
2015-12-21/2015-12-27,740,2015-12-21 00:00:00.000000000,2015-12-27 23:59:59.999999999,1013,1,0,737,1,0,89,0,0
2015-12-28/2016-01-03,741,2015-12-28 00:00:00.000000000,2016-01-03 23:59:59.999999999,1014,1,0,738,1,0,89,0,0
2016-01-04/2016-01-10,742,2016-01-04 00:00:00.000000000,2016-01-10 23:59:59.999999999,1015,2,1,739,2,1,89,0,0
2016-01-11/2016-01-17,743,2016-01-11 00:00:00.000000000,2016-01-17 23:59:59.999999999,1015,6,6,740,5,4,88,0,1
2016-01-18/2016-01-24,744,2016-01-18 00:00:00.000000000,2016-01-24 23:59:59.999999999,1028,17,4,753,16,3,88,0,0
2016-01-25/2016-01-31,745,2016-01-25 00:00:00.000000000,2016-01-31 23:59:59.999999999,1003,6,31,731,5,27,87,1,2
2016-02-01/2016-02-07,746,2016-02-01 00:00:00.000000000,2016-02-07 23:59:59.999999999,1005,6,4,733,5,3,86,0,1
2016-02-08/2016-02-14,747,2016-02-08 00:00:00.000000000,2016-02-14 23:59:59.999999999,1002,2,5,731,0,2,86,0,0
2016-02-15/2016-02-21,748,2016-02-15 00:00:00.000000000,2016-02-21 23:59:59.999999999,1007,15,10,737,13,7,87,1,0
2016-02-22/2016-02-28,749,2016-02-22 00:00:00.000000000,2016-02-28 23:59:59.999999999,1019,15,3,746,12,3,88,1,0
2016-02-29/2016-03-06,750,2016-02-29 00:00:00.000000000,2016-03-06 23:59:59.999999999,1033,18,4,754,12,4,90,2,0
2016-03-07/2016-03-13,751,2016-03-07 00:00:00.000000000,2016-03-13 23:59:59.999999999,1041,15,7,764,14,4,89,1,2
2016-03-14/2016-03-20,752,2016-03-14 00:00:00.000000000,2016-03-20 23:59:59.999999999,1009,11,43,736,7,35,87,1,3
2016-03-21/2016-03-27,753,2016-03-21 00:00:00.000000000,2016-03-27 23:59:59.999999999,1015,8,2,739,4,1,87,0,0
2016-03-28/2016-04-03,754,2016-03-28 00:00:00.000000000,2016-04-03 23:59:59.999999999,1021,10,4,745,8,2,87,0,0
2016-04-04/2016-04-10,755,2016-04-04 00:00:00.000000000,2016-04-10 23:59:59.999999999,1022,7,6,747,7,5,87,0,0
2016-04-11/2016-04-17,756,2016-04-11 00:00:00.000000000,2016-04-17 23:59:59.999999999,1026,6,2,752,6,1,87,0,0
2016-04-18/2016-04-24,757,2016-04-18 00:00:00.000000000,2016-04-24 23:59:59.999999999,1014,5,17,742,3,13,87,1,1
2016-04-25/2016-05-01,758,2016-04-25 00:00:00.000000000,2016-05-01 23:59:59.999999999,991,6,29,725,3,20,85,2,4
2016-05-02/2016-05-08,759,2016-05-02 00:00:00.000000000,2016-05-08 23:59:59.999999999,995,8,4,729,5,1,86,1,0
2016-05-09/2016-05-15,760,2016-05-09 00:00:00.000000000,2016-05-15 23:59:59.999999999,989,8,14,726,5,8,85,1,2
2016-05-16/2016-05-22,761,2016-05-16 00:00:00.000000000,2016-05-22 23:59:59.999999999,989,8,8,725,5,6,88,3,0
2016-05-23/2016-05-29,762,2016-05-23 00:00:00.000000000,2016-05-29 23:59:59.999999999,990,3,2,726,2,1,88,0,0
2016-05-30/2016-06-05,763,2016-05-30 00:00:00.000000000,2016-06-05 23:59:59.999999999,988,4,6,723,2,5,88,1,1
2016-06-06/2016-06-12,764,2016-06-06 00:00:00.000000000,2016-06-12 23:59:59.999999999,988,1,1,724,1,0,88,0,0
2016-06-13/2016-06-19,765,2016-06-13 00:00:00.000000000,2016-06-19 23:59:59.999999999,985,3,6,723,3,4,87,0,1
2016-06-20/2016-06-26,766,2016-06-20 00:00:00.000000000,2016-06-26 23:59:59.999999999,990,6,1,728,6,1,87,0,0
2016-06-27/2016-07-03,767,2016-06-27 00:00:00.000000000,2016-07-03 23:59:59.999999999,973,5,22,721,4,11,82,0,5
2016-07-04/2016-07-10,768,2016-07-04 00:00:00.000000000,2016-07-10 23:59:59.999999999,975,4,2,723,4,2,82,0,0
2016-07-11/2016-07-17,769,2016-07-11 00:00:00.000000000,2016-07-17 23:59:59.999999999,979,5,1,726,4,1,82,0,0
2016-07-18/2016-07-24,770,2016-07-18 00:00:00.000000000,2016-07-24 23:59:59.999999999,986,10,3,731,7,2,83,1,0
2016-07-25/2016-07-31,771,2016-07-25 00:00:00.000000000,2016-07-31 23:59:59.999999999,985,4,5,729,1,3,84,1,0
2016-08-01/2016-08-07,772,2016-08-01 00:00:00.000000000,2016-08-07 23:59:59.999999999,979,8,14,724,6,11,85,1,0
2016-08-08/2016-08-14,773,2016-08-08 00:00:00.000000000,2016-08-14 23:59:59.999999999,974,1,6,718,0,6,86,1,0
2016-08-15/2016-08-21,774,2016-08-15 00:00:00.000000000,2016-08-21 23:59:59.999999999,973,7,8,718,7,7,85,0,1
2016-08-22/2016-08-28,775,2016-08-22 00:00:00.000000000,2016-08-28 23:59:59.999999999,975,8,6,719,5,4,85,0,0
2016-08-29/2016-09-04,776,2016-08-29 00:00:00.000000000,2016-09-04 23:59:59.999999999,988,16,3,732,15,2,86,1,0
2016-09-05/2016-09-11,777,2016-09-05 00:00:00.000000000,2016-09-11 23:59:59.999999999,979,6,15,722,2,12,88,3,1
2016-09-12/2016-09-18,778,2016-09-12 00:00:00.000000000,2016-09-18 23:59:59.999999999,970,15,24,717,14,19,87,0,1
2016-09-19/2016-09-25,779,2016-09-19 00:00:00.000000000,2016-09-25 23:59:59.999999999,972,10,8,718,8,7,88,1,0
2016-09-26/2016-10-02,780,2016-09-26 00:00:00.000000000,2016-10-02 23:59:59.999999999,974,13,11,718,9,9,89,1,0
2016-10-03/2016-10-09,781,2016-10-03 00:00:00.000000000,2016-10-09 23:59:59.999999999,974,9,9,720,8,6,89,1,1
2016-10-10/2016-10-16,782,2016-10-10 00:00:00.000000000,2016-10-16 23:59:59.999999999,973,3,4,721,3,2,89,0,0
2016-10-17/2016-10-23,783,2016-10-17 00:00:00.000000000,2016-10-23 23:59:59.999999999,974,3,2,721,2,2,90,1,0
2016-10-24/2016-10-30,784,2016-10-24 00:00:00.000000000,2016-10-30 23:59:59.999999999,967,6,13,721,6,6,88,0,2
2016-10-31/2016-11-06,785,2016-10-31 00:00:00.000000000,2016-11-06 23:59:59.999999999,972,9,4,724,6,3,89,2,1
2016-11-07/2016-11-13,786,2016-11-07 00:00:00.000000000,2016-11-13 23:59:59.999999999,971,5,6,723,2,3,89,1,1
2016-11-14/2016-11-20,787,2016-11-14 00:00:00.000000000,2016-11-20 23:59:59.999999999,977,11,5,727,8,4,90,1,0
2016-11-21/2016-11-27,788,2016-11-21 00:00:00.000000000,2016-11-27 23:59:59.999999999,981,9,5,729,3,1,88,2,4
2016-11-28/2016-12-04,789,2016-11-28 00:00:00.000000000,2016-12-04 23:59:59.999999999,982,4,3,730,4,3,88,0,0
2016-12-05/2016-12-11,790,2016-12-05 00:00:00.000000000,2016-12-11 23:59:59.999999999,969,11,24,720,8,18,88,1,1
2016-12-12/2016-12-18,791,2016-12-12 00:00:00.000000000,2016-12-18 23:59:59.999999999,968,6,7,721,5,4,88,0,0
2016-12-19/2016-12-25,792,2016-12-19 00:00:00.000000000,2016-12-25 23:59:59.999999999,974,12,6,726,11,6,89,1,0
2016-12-26/2017-01-01,793,2016-12-26 00:00:00.000000000,2017-01-01 23:59:59.999999999,970,0,4,725,0,1,89,0,0
2017-01-02/2017-01-08,794,2017-01-02 00:00:00.000000000,2017-01-08 23:59:59.999999999,970,1,1,725,1,1,89,0,0
2017-01-09/2017-01-15,795,2017-01-09 00:00:00.000000000,2017-01-15 23:59:59.999999999,975,9,4,727,6,4,92,3,0
2017-01-16/2017-01-22,796,2017-01-16 00:00:00.000000000,2017-01-22 23:59:59.999999999,970,13,18,719,7,15,91,1,2
2017-01-23/2017-01-29,797,2017-01-23 00:00:00.000000000,2017-01-29 23:59:59.999999999,958,14,26,717,13,15,87,0,4
2017-01-30/2017-02-05,798,2017-01-30 00:00:00.000000000,2017-02-05 23:59:59.999999999,963,12,7,721,7,3,87,2,2
2017-02-06/2017-02-12,799,2017-02-06 00:00:00.000000000,2017-02-12 23:59:59.999999999,964,4,3,721,2,2,88,2,1
2017-02-13/2017-02-19,800,2017-02-13 00:00:00.000000000,2017-02-19 23:59:59.999999999,964,2,2,720,0,1,89,1,0
2017-02-20/2017-02-26,801,2017-02-20 00:00:00.000000000,2017-02-26 23:59:59.999999999,968,7,3,726,7,1,88,0,1
2017-02-27/2017-03-05,802,2017-02-27 00:00:00.000000000,2017-03-05 23:59:59.999999999,973,8,3,730,7,3,88,0,0
2017-03-06/2017-03-12,803,2017-03-06 00:00:00.000000000,2017-03-12 23:59:59.999999999,955,12,30,718,7,19,82,1,7
2017-03-13/2017-03-19,804,2017-03-13 00:00:00.000000000,2017-03-19 23:59:59.999999999,955,10,10,716,5,7,83,1,0
2017-03-20/2017-03-26,805,2017-03-20 00:00:00.000000000,2017-03-26 23:59:59.999999999,958,11,8,718,7,5,83,1,1
2017-03-27/2017-04-02,806,2017-03-27 00:00:00.000000000,2017-04-02 23:59:59.999999999,960,11,9,722,10,6,83,0,0
2017-04-03/2017-04-09,807,2017-04-03 00:00:00.000000000,2017-04-09 23:59:59.999999999,960,5,5,721,2,3,85,2,0
2017-04-10/2017-04-16,808,2017-04-10 00:00:00.000000000,2017-04-16 23:59:59.999999999,959,8,9,720,6,7,84,0,1
2017-04-17/2017-04-23,809,2017-04-17 00:00:00.000000000,2017-04-23 23:59:59.999999999,962,6,3,722,5,3,85,1,0
2017-04-24/2017-04-30,810,2017-04-24 00:00:00.000000000,2017-04-30 23:59:59.999999999,968,14,8,726,10,6,89,4,0
2017-05-01/2017-05-07,811,2017-05-01 00:00:00.000000000,2017-05-07 23:59:59.999999999,964,6,10,726,5,5,88,1,2
2017-05-08/2017-05-14,812,2017-05-08 00:00:00.000000000,2017-05-14 23:59:59.999999999,934,16,46,707,14,33,87,2,3
2017-05-15/2017-05-21,813,2017-05-15 00:00:00.000000000,2017-05-21 23:59:59.999999999,927,14,21,702,10,15,84,2,5
2017-05-22/2017-05-28,814,2017-05-22 00:00:00.000000000,2017-05-28 23:59:59.999999999,929,6,4,704,5,3,84,0,0
2017-05-29/2017-06-04,815,2017-05-29 00:00:00.000000000,2017-06-04 23:59:59.999999999,926,5,8,703,4,5,83,1,2
2017-06-05/2017-06-11,816,2017-06-05 00:00:00.000000000,2017-06-11 23:59:59.999999999,927,2,1,704,2,1,83,0,0
2017-06-12/2017-06-18,817,2017-06-12 00:00:00.000000000,2017-06-18 23:59:59.999999999,934,7,0,710,6,0,84,1,0
2017-06-19/2017-06-25,818,2017-06-19 00:00:00.000000000,2017-06-25 23:59:59.999999999,935,2,1,711,2,1,84,0,0
2017-06-26/2017-07-02,819,2017-06-26 00:00:00.000000000,2017-07-02 23:59:59.999999999,936,5,4,711,4,4,84,0,0
2017-07-03/2017-07-09,820,2017-07-03 00:00:00.000000000,2017-07-09 23:59:59.999999999,939,3,0,713,2,0,85,1,0
2017-07-10/2017-07-16,821,2017-07-10 00:00:00.000000000,2017-07-16 23:59:59.999999999,941,2,0,715,2,0,85,0,0
2017-07-17/2017-07-23,822,2017-07-17 00:00:00.000000000,2017-07-23 23:59:59.999999999,947,12,6,723,11,3,84,0,1
2017-07-24/2017-07-30,823,2017-07-24 00:00:00.000000000,2017-07-30 23:59:59.999999999,948,9,8,726,8,5,84,0,0
2017-07-31/2017-08-06,824,2017-07-31 00:00:00.000000000,2017-08-06 23:59:59.999999999,935,5,18,712,3,17,85,1,0
2017-08-07/2017-08-13,825,2017-08-07 00:00:00.000000000,2017-08-13 23:59:59.999999999,941,7,1,717,6,1,85,0,0
2017-08-14/2017-08-20,826,2017-08-14 00:00:00.000000000,2017-08-20 23:59:59.999999999,934,3,10,711,1,7,85,1,1
2017-08-21/2017-08-27,827,2017-08-21 00:00:00.000000000,2017-08-27 23:59:59.999999999,933,2,3,710,1,2,85,0,0
2017-08-28/2017-09-03,828,2017-08-28 00:00:00.000000000,2017-09-03 23:59:59.999999999,932,0,1,709,0,1,85,0,0
2017-09-04/2017-09-10,829,2017-09-04 00:00:00.000000000,2017-09-10 23:59:59.999999999,934,4,2,711,2,0,85,1,1
2017-09-11/2017-09-17,830,2017-09-11 00:00:00.000000000,2017-09-17 23:59:59.999999999,928,9,15,705,7,13,85,0,0
2017-09-18/2017-09-24,831,2017-09-18 00:00:00.000000000,2017-09-24 23:59:59.999999999,932,4,0,708,3,0,86,1,0
2017-09-25/2017-10-01,832,2017-09-25 00:00:00.000000000,2017-10-01 23:59:59.999999999,931,7,8,706,5,7,86,0,0
2017-10-02/2017-10-08,833,2017-10-02 00:00:00.000000000,2017-10-08 23:59:59.999999999,936,8,3,706,3,3,87,1,0
2017-10-09/2017-10-15,834,2017-10-09 00:00:00.000000000,2017-10-15 23:59:59.999999999,937,9,8,708,8,6,86,0,1
2017-10-16/2017-10-22,835,2017-10-16 00:00:00.000000000,2017-10-22 23:59:59.999999999,938,9,8,707,6,7,86,0,0
2017-10-23/2017-10-29,836,2017-10-23 00:00:00.000000000,2017-10-29 23:59:59.999999999,928,2,12,703,2,6,85,0,1
2017-10-30/2017-11-05,837,2017-10-30 00:00:00.000000000,2017-11-05 23:59:59.999999999,927,4,5,703,3,3,85,0,0
2017-11-06/2017-11-12,838,2017-11-06 00:00:00.000000000,2017-11-12 23:59:59.999999999,932,19,14,707,16,12,85,1,1
2017-11-13/2017-11-19,839,2017-11-13 00:00:00.000000000,2017-11-19 23:59:59.999999999,936,10,6,709,6,4,85,1,1
2017-11-20/2017-11-26,840,2017-11-20 00:00:00.000000000,2017-11-26 23:59:59.999999999,941,12,7,715,10,4,84,0,1
2017-11-27/2017-12-03,841,2017-11-27 00:00:00.000000000,2017-12-03 23:59:59.999999999,944,6,3,717,5,3,85,1,0
2017-12-04/2017-12-10,842,2017-12-04 00:00:00.000000000,2017-12-10 23:59:59.999999999,921,7,30,696,5,26,84,0,1
2017-12-11/2017-12-17,843,2017-12-11 00:00:00.000000000,2017-12-17 23:59:59.999999999,926,10,5,699,7,4,84,1,1
2017-12-18/2017-12-24,844,2017-12-18 00:00:00.000000000,2017-12-24 23:59:59.999999999,933,13,6,703,9,5,85,2,1
2017-12-25/2017-12-31,845,2017-12-25 00:00:00.000000000,2017-12-31 23:59:59.999999999,935,4,2,704,2,1,85,0,0
2018-01-01/2018-01-07,846,2018-01-01 00:00:00.000000000,2018-01-07 23:59:59.999999999,939,5,1,707,4,1,86,1,0
2018-01-08/2018-01-14,847,2018-01-08 00:00:00.000000000,2018-01-14 23:59:59.999999999,944,16,11,714,15,8,85,1,2
2018-01-15/2018-01-21,848,2018-01-15 00:00:00.000000000,2018-01-21 23:59:59.999999999,946,6,4,714,3,3,86,2,1
2018-01-22/2018-01-28,849,2018-01-22 00:00:00.000000000,2018-01-28 23:59:59.999999999,927,14,33,696,10,28,87,2,1
2018-01-29/2018-02-04,850,2018-01-29 00:00:00.000000000,2018-02-04 23:59:59.999999999,925,5,7,695,5,6,87,0,0
2018-02-05/2018-02-11,851,2018-02-05 00:00:00.000000000,2018-02-11 23:59:59.999999999,929,8,4,698,5,2,88,2,1
2018-02-12/2018-02-18,852,2018-02-12 00:00:00.000000000,2018-02-18 23:59:59.999999999,934,9,4,703,8,3,87,0,1
2018-02-19/2018-02-25,853,2018-02-19 00:00:00.000000000,2018-02-25 23:59:59.999999999,939,9,4,708,7,2,87,0,0
2018-02-26/2018-03-04,854,2018-02-26 00:00:00.000000000,2018-03-04 23:59:59.999999999,944,6,1,712,5,1,87,0,0
2018-03-05/2018-03-11,855,2018-03-05 00:00:00.000000000,2018-03-11 23:59:59.999999999,934,11,21,703,5,14,87,1,1
2018-03-12/2018-03-18,856,2018-03-12 00:00:00.000000000,2018-03-18 23:59:59.999999999,933,8,9,703,7,7,86,0,1
2018-03-19/2018-03-25,857,2018-03-19 00:00:00.000000000,2018-03-25 23:59:59.999999999,933,14,14,706,13,10,86,1,1
2018-03-26/2018-04-01,858,2018-03-26 00:00:00.000000000,2018-04-01 23:59:59.999999999,941,14,6,711,9,4,86,1,1
2018-04-02/2018-04-08,859,2018-04-02 00:00:00.000000000,2018-04-08 23:59:59.999999999,940,5,6,709,2,4,87,2,1
2018-04-09/2018-04-15,860,2018-04-09 00:00:00.000000000,2018-04-15 23:59:59.999999999,944,6,2,712,5,2,87,0,0
2018-04-16/2018-04-22,861,2018-04-16 00:00:00.000000000,2018-04-22 23:59:59.999999999,931,5,18,702,5,15,86,0,1
2018-04-23/2018-04-29,862,2018-04-23 00:00:00.000000000,2018-04-29 23:59:59.999999999,930,10,11,702,10,10,85,0,1
2018-04-30/2018-05-06,863,2018-04-30 00:00:00.000000000,2018-05-06 23:59:59.999999999,931,4,3,704,4,2,84,0,1
2018-05-07/2018-05-13,864,2018-05-07 00:00:00.000000000,2018-05-13 23:59:59.999999999,902,11,40,685,11,30,84,0,0
2018-05-14/2018-05-20,865,2018-05-14 00:00:00.000000000,2018-05-20 23:59:59.999999999,899,6,9,682,5,8,84,0,0
2018-05-21/2018-05-27,866,2018-05-21 00:00:00.000000000,2018-05-27 23:59:59.999999999,897,8,10,680,6,8,84,1,1
2018-05-28/2018-06-03,867,2018-05-28 00:00:00.000000000,2018-06-03 23:59:59.999999999,899,4,2,681,2,1,85,1,0
2018-06-04/2018-06-10,868,2018-06-04 00:00:00.000000000,2018-06-10 23:59:59.999999999,897,7,9,679,6,8,84,0,1
2018-06-11/2018-06-17,869,2018-06-11 00:00:00.000000000,2018-06-17 23:59:59.999999999,896,2,3,680,2,1,84,0,0
2018-06-18/2018-06-24,870,2018-06-18 00:00:00.000000000,2018-06-24 23:59:59.999999999,898,4,2,682,3,1,84,0,0
2018-06-25/2018-07-01,871,2018-06-25 00:00:00.000000000,2018-07-01 23:59:59.999999999,898,3,3,681,1,2,84,0,0
2018-07-02/2018-07-08,872,2018-07-02 00:00:00.000000000,2018-07-08 23:59:59.999999999,901,6,3,684,4,1,84,0,0
2018-07-09/2018-07-15,873,2018-07-09 00:00:00.000000000,2018-07-15 23:59:59.999999999,905,9,5,688,9,5,84,0,0
2018-07-16/2018-07-22,874,2018-07-16 00:00:00.000000000,2018-07-22 23:59:59.999999999,904,3,4,685,1,4,84,0,0
2018-07-23/2018-07-29,875,2018-07-23 00:00:00.000000000,2018-07-29 23:59:59.999999999,904,8,8,686,6,5,84,1,1
2018-07-30/2018-08-05,876,2018-07-30 00:00:00.000000000,2018-08-05 23:59:59.999999999,888,10,26,676,8,18,81,1,4
2018-08-06/2018-08-12,877,2018-08-06 00:00:00.000000000,2018-08-12 23:59:59.999999999,888,5,5,675,2,3,82,1,0
2018-08-13/2018-08-19,878,2018-08-13 00:00:00.000000000,2018-08-19 23:59:59.999999999,887,5,6,673,3,5,84,2,0
2018-08-20/2018-08-26,879,2018-08-20 00:00:00.000000000,2018-08-26 23:59:59.999999999,880,8,15,669,5,9,83,1,2
2018-08-27/2018-09-02,880,2018-08-27 00:00:00.000000000,2018-09-02 23:59:59.999999999,880,5,5,669,3,3,82,0,1
2018-09-03/2018-09-09,881,2018-09-03 00:00:00.000000000,2018-09-09 23:59:59.999999999,884,7,3,672,4,1,81,0,1
2018-09-10/2018-09-16,882,2018-09-10 00:00:00.000000000,2018-09-16 23:59:59.999999999,871,5,18,662,4,14,80,0,1
2018-09-17/2018-09-23,883,2018-09-17 00:00:00.000000000,2018-09-23 23:59:59.999999999,832,7,46,634,6,34,75,0,5
2018-09-24/2018-09-30,884,2018-09-24 00:00:00.000000000,2018-09-30 23:59:59.999999999,824,17,25,630,12,16,72,1,4
2018-10-01/2018-10-07,885,2018-10-01 00:00:00.000000000,2018-10-07 23:59:59.999999999,809,3,18,616,2,16,72,0,0
2018-10-08/2018-10-14,886,2018-10-08 00:00:00.000000000,2018-10-14 23:59:59.999999999,791,4,22,603,3,16,71,0,1
2018-10-15/2018-10-21,887,2018-10-15 00:00:00.000000000,2018-10-21 23:59:59.999999999,777,8,22,590,5,18,70,0,1
2018-10-22/2018-10-28,888,2018-10-22 00:00:00.000000000,2018-10-28 23:59:59.999999999,762,5,20,575,4,19,69,0,1
2018-10-29/2018-11-04,889,2018-10-29 00:00:00.000000000,2018-11-04 23:59:59.999999999,746,7,23,563,6,18,67,0,2
2018-11-05/2018-11-11,890,2018-11-05 00:00:00.000000000,2018-11-11 23:59:59.999999999,728,5,23,548,4,19,64,1,4
2018-11-12/2018-11-18,891,2018-11-12 00:00:00.000000000,2018-11-18 23:59:59.999999999,694,13,47,527,8,29,59,2,7
2018-11-19/2018-11-25,892,2018-11-19 00:00:00.000000000,2018-11-25 23:59:59.999999999,665,19,48,503,17,41,58,1,2
2018-11-26/2018-12-02,893,2018-11-26 00:00:00.000000000,2018-12-02 23:59:59.999999999,639,6,32,483,4,24,55,1,4
2018-12-03/2018-12-09,894,2018-12-03 00:00:00.000000000,2018-12-09 23:59:59.999999999,263,11,387,219,11,275,16,0,39
2018-12-10/2018-12-16,895,2018-12-10 00:00:00.000000000,2018-12-16 23:59:59.999999999,231,2,34,195,2,26,14,0,2
2018-12-17/2018-12-23,896,2018-12-17 00:00:00.000000000,2018-12-23 23:59:59.999999999,219,3,15,184,3,14,13,0,1
